install_time,marketing_id,channel,medium,campaign,keyword,ad_content,ad_group,landing_page,sex,alpha_2,alpha_3,flag,name,numeric,official_name
17.12.2023 0:25:28,3SamkCVZFGip,Bing,organic,SignUpBonus,None,None,None,Undefined,female,AT,AUT,ðŸ‡¦ðŸ‡¹,Austria,040,Republic of Austria
17.12.2023 0:25:28,3SamkCVZFGip,Bing,organic,SignUpBonus,None,None,None,Undefined,female,AT,AUT,ðŸ‡¦ðŸ‡¹,Austria,040,Republic of Austria
17.12.2023 0:25:28,3SamkCVZFGip,Bing,organic,SignUpBonus,None,None,None,Undefined,female,AT,AUT,ðŸ‡¦ðŸ‡¹,Austria,040,Republic of Austria
17.12.2023 0:25:28,3SamkCVZFGip,Bing,organic,SignUpBonus,None,None,None,Undefined,female,AT,AUT,ðŸ‡¦ðŸ‡¹,Austria,040,Republic of Austria
17.12.2023 0:19:53,4aMfCDnofDK6,Facebook,email,SignUpBonus,latest offer,footer-ad,Group2,Undefined,female,AT,AUT,ðŸ‡¦ðŸ‡¹,Austria,040,Republic of Austria
17.12.2023 0:19:53,4aMfCDnofDK6,Facebook,email,SignUpBonus,latest offer,footer-ad,Group2,Undefined,female,AT,AUT,ðŸ‡¦ðŸ‡¹,Austria,040,Republic of Austria
17.12.2023 0:19:53,4aMfCDnofDK6,Facebook,email,SignUpBonus,latest offer,footer-ad,Group2,Undefined,female,AT,AUT,ðŸ‡¦ðŸ‡¹,Austria,040,Republic of Austria
17.12.2023 0:19:53,4aMfCDnofDK6,Facebook,email,SignUpBonus,latest offer,footer-ad,Group2,Undefined,female,AT,AUT,ðŸ‡¦ðŸ‡¹,Austria,040,Republic of Austria
17.12.2023 0:58:54,9bbEaFLilTzY,Google,email,SpringSale,None,None,Group3,/sale,female,AT,AUT,ðŸ‡¦ðŸ‡¹,Austria,040,Republic of Austria
17.12.2023 0:58:54,9bbEaFLilTzY,Google,email,SpringSale,None,None,Group3,/sale,female,AT,AUT,ðŸ‡¦ðŸ‡¹,Austria,040,Republic of Austria
17.12.2023 0:58:54,9bbEaFLilTzY,Google,email,SpringSale,None,None,Group3,/sale,female,AT,AUT,ðŸ‡¦ðŸ‡¹,Austria,040,Republic of Austria
17.12.2023 0:58:54,9bbEaFLilTzY,Google,email,SpringSale,None,None,Group3,/sale,female,AT,AUT,ðŸ‡¦ðŸ‡¹,Austria,040,Republic of Austria
17.12.2023 23:52:31,OMaaeqQxpG74,Google,cpc,Launch,None,None,Discounts,Undefined,male,AT,AUT,ðŸ‡¦ðŸ‡¹,Austria,040,Republic of Austria
17.12.2023 23:52:31,OMaaeqQxpG74,Google,cpc,Launch,None,None,Discounts,Undefined,male,AT,AUT,ðŸ‡¦ðŸ‡¹,Austria,040,Republic of Austria
17.12.2023 23:52:31,OMaaeqQxpG74,Google,cpc,Launch,None,None,Discounts,Undefined,male,AT,AUT,ðŸ‡¦ðŸ‡¹,Austria,040,Republic of Austria
17.12.2023 23:52:31,OMaaeqQxpG74,Google,cpc,Launch,None,None,Discounts,Undefined,male,AT,AUT,ðŸ‡¦ðŸ‡¹,Austria,040,Republic of Austria
17.12.2023 22:48:26,SNb6mz9WByM1,Bing,email,SignUpBonus,None,None,None,/sale,male,AT,AUT,ðŸ‡¦ðŸ‡¹,Austria,040,Republic of Austria
17.12.2023 22:48:26,SNb6mz9WByM1,Bing,email,SignUpBonus,None,None,None,/sale,male,AT,AUT,ðŸ‡¦ðŸ‡¹,Austria,040,Republic of Austria
17.12.2023 22:48:26,SNb6mz9WByM1,Bing,email,SignUpBonus,None,None,None,/sale,male,AT,AUT,ðŸ‡¦ðŸ‡¹,Austria,040,Republic of Austria
17.12.2023 22:48:26,SNb6mz9WByM1,Bing,email,SignUpBonus,None,None,None,/sale,male,AT,AUT,ðŸ‡¦ðŸ‡¹,Austria,040,Republic of Austria
17.12.2023 0:39:00,VbJfudBbulPb,Facebook,referral,SpringSale,None,banner1,None,/sale,male,AT,AUT,ðŸ‡¦ðŸ‡¹,Austria,040,Republic of Austria
17.12.2023 0:39:00,VbJfudBbulPb,Facebook,referral,SpringSale,None,banner1,None,/sale,male,AT,AUT,ðŸ‡¦ðŸ‡¹,Austria,040,Republic of Austria
17.12.2023 0:39:00,VbJfudBbulPb,Facebook,referral,SpringSale,None,banner1,None,/sale,male,AT,AUT,ðŸ‡¦ðŸ‡¹,Austria,040,Republic of Austria
17.12.2023 0:39:00,VbJfudBbulPb,Facebook,referral,SpringSale,None,banner1,None,/sale,male,AT,AUT,ðŸ‡¦ðŸ‡¹,Austria,040,Republic of Austria
17.12.2023 0:42:08,XbWFLOdrvVl0,Referral,display,SpringSale,sale,None,None,/sale,female,AT,AUT,ðŸ‡¦ðŸ‡¹,Austria,040,Republic of Austria
17.12.2023 0:42:08,XbWFLOdrvVl0,Referral,display,SpringSale,sale,None,None,/sale,female,AT,AUT,ðŸ‡¦ðŸ‡¹,Austria,040,Republic of Austria
17.12.2023 0:42:08,XbWFLOdrvVl0,Referral,display,SpringSale,sale,None,None,/sale,female,AT,AUT,ðŸ‡¦ðŸ‡¹,Austria,040,Republic of Austria
17.12.2023 0:42:08,XbWFLOdrvVl0,Referral,display,SpringSale,sale,None,None,/sale,female,AT,AUT,ðŸ‡¦ðŸ‡¹,Austria,040,Republic of Austria
17.12.2023 0:31:47,YaUDxEWluax5,Referral,referral,SignUpBonus,None,sidebar-ad,None,/home,female,AT,AUT,ðŸ‡¦ðŸ‡¹,Austria,040,Republic of Austria
17.12.2023 0:31:47,YaUDxEWluax5,Referral,referral,SignUpBonus,None,sidebar-ad,None,/home,female,AT,AUT,ðŸ‡¦ðŸ‡¹,Austria,040,Republic of Austria
17.12.2023 0:31:47,YaUDxEWluax5,Referral,referral,SignUpBonus,None,sidebar-ad,None,/home,female,AT,AUT,ðŸ‡¦ðŸ‡¹,Austria,040,Republic of Austria
17.12.2023 0:31:47,YaUDxEWluax5,Referral,referral,SignUpBonus,None,sidebar-ad,None,/home,female,AT,AUT,ðŸ‡¦ðŸ‡¹,Austria,040,Republic of Austria
17.12.2023 0:14:12,ZauRFttrmhvj,Direct,social,SignUpBonus,sale,video-ad,NewReleases,/signup,female,AT,AUT,ðŸ‡¦ðŸ‡¹,Austria,040,Republic of Austria
17.12.2023 0:14:12,ZauRFttrmhvj,Direct,social,SignUpBonus,sale,video-ad,NewReleases,/signup,female,AT,AUT,ðŸ‡¦ðŸ‡¹,Austria,040,Republic of Austria
17.12.2023 0:14:12,ZauRFttrmhvj,Direct,social,SignUpBonus,sale,video-ad,NewReleases,/signup,female,AT,AUT,ðŸ‡¦ðŸ‡¹,Austria,040,Republic of Austria
17.12.2023 0:14:12,ZauRFttrmhvj,Direct,social,SignUpBonus,sale,video-ad,NewReleases,/signup,female,AT,AUT,ðŸ‡¦ðŸ‡¹,Austria,040,Republic of Austria
17.12.2023 0:11:19,a04U7grv3WJt,Facebook,referral,Launch,None,None,None,/new-arrivals,male,AT,AUT,ðŸ‡¦ðŸ‡¹,Austria,040,Republic of Austria
17.12.2023 0:11:19,a04U7grv3WJt,Facebook,referral,Launch,None,None,None,/new-arrivals,male,AT,AUT,ðŸ‡¦ðŸ‡¹,Austria,040,Republic of Austria
17.12.2023 0:11:19,a04U7grv3WJt,Facebook,referral,Launch,None,None,None,/new-arrivals,male,AT,AUT,ðŸ‡¦ðŸ‡¹,Austria,040,Republic of Austria
17.12.2023 0:11:19,a04U7grv3WJt,Facebook,referral,Launch,None,None,None,/new-arrivals,male,AT,AUT,ðŸ‡¦ðŸ‡¹,Austria,040,Republic of Austria
17.12.2023 0:32:41,aH88nDzpWEXa,Bing,email,SignUpBonus,latest offer,None,None,Undefined,male,AT,AUT,ðŸ‡¦ðŸ‡¹,Austria,040,Republic of Austria
17.12.2023 0:32:41,aH88nDzpWEXa,Bing,email,SignUpBonus,latest offer,None,None,Undefined,male,AT,AUT,ðŸ‡¦ðŸ‡¹,Austria,040,Republic of Austria
17.12.2023 0:32:41,aH88nDzpWEXa,Bing,email,SignUpBonus,latest offer,None,None,Undefined,male,AT,AUT,ðŸ‡¦ðŸ‡¹,Austria,040,Republic of Austria
17.12.2023 0:32:41,aH88nDzpWEXa,Bing,email,SignUpBonus,latest offer,None,None,Undefined,male,AT,AUT,ðŸ‡¦ðŸ‡¹,Austria,040,Republic of Austria
17.12.2023 0:15:36,aSagWtTO6PHS,Google,cpc,Launch,None,None,None,Undefined,female,AT,AUT,ðŸ‡¦ðŸ‡¹,Austria,040,Republic of Austria
17.12.2023 0:15:36,aSagWtTO6PHS,Google,cpc,Launch,None,None,None,Undefined,female,AT,AUT,ðŸ‡¦ðŸ‡¹,Austria,040,Republic of Austria
17.12.2023 0:15:36,aSagWtTO6PHS,Google,cpc,Launch,None,None,None,Undefined,female,AT,AUT,ðŸ‡¦ðŸ‡¹,Austria,040,Republic of Austria
17.12.2023 0:15:36,aSagWtTO6PHS,Google,cpc,Launch,None,None,None,Undefined,female,AT,AUT,ðŸ‡¦ðŸ‡¹,Austria,040,Republic of Austria
17.12.2023 0:03:44,aT2FoNzwFiFy,Referral,organic,EasterSpecial,None,None,None,/sale,female,AT,AUT,ðŸ‡¦ðŸ‡¹,Austria,040,Republic of Austria
17.12.2023 0:03:44,aT2FoNzwFiFy,Referral,organic,EasterSpecial,None,None,None,/sale,female,AT,AUT,ðŸ‡¦ðŸ‡¹,Austria,040,Republic of Austria
17.12.2023 0:03:44,aT2FoNzwFiFy,Referral,organic,EasterSpecial,None,None,None,/sale,female,AT,AUT,ðŸ‡¦ðŸ‡¹,Austria,040,Republic of Austria
17.12.2023 0:03:44,aT2FoNzwFiFy,Referral,organic,EasterSpecial,None,None,None,/sale,female,AT,AUT,ðŸ‡¦ðŸ‡¹,Austria,040,Republic of Austria
17.12.2023 0:11:21,aTXeiVuiIbDa,Facebook,organic,Launch,signup now,None,Group1,Undefined,female,AT,AUT,ðŸ‡¦ðŸ‡¹,Austria,040,Republic of Austria
17.12.2023 0:11:21,aTXeiVuiIbDa,Facebook,organic,Launch,signup now,None,Group1,Undefined,female,AT,AUT,ðŸ‡¦ðŸ‡¹,Austria,040,Republic of Austria
17.12.2023 0:11:21,aTXeiVuiIbDa,Facebook,organic,Launch,signup now,None,Group1,Undefined,female,AT,AUT,ðŸ‡¦ðŸ‡¹,Austria,040,Republic of Austria
17.12.2023 0:11:21,aTXeiVuiIbDa,Facebook,organic,Launch,signup now,None,Group1,Undefined,female,AT,AUT,ðŸ‡¦ðŸ‡¹,Austria,040,Republic of Austria
17.12.2023 0:29:01,achnYoIsHUWY,Google,cpc,SpecialOffer,None,footer-ad,None,/new-arrivals,male,AT,AUT,ðŸ‡¦ðŸ‡¹,Austria,040,Republic of Austria
17.12.2023 0:29:01,achnYoIsHUWY,Google,cpc,SpecialOffer,None,footer-ad,None,/new-arrivals,male,AT,AUT,ðŸ‡¦ðŸ‡¹,Austria,040,Republic of Austria
17.12.2023 0:29:01,achnYoIsHUWY,Google,cpc,SpecialOffer,None,footer-ad,None,/new-arrivals,male,AT,AUT,ðŸ‡¦ðŸ‡¹,Austria,040,Republic of Austria
17.12.2023 0:29:01,achnYoIsHUWY,Google,cpc,SpecialOffer,None,footer-ad,None,/new-arrivals,male,AT,AUT,ðŸ‡¦ðŸ‡¹,Austria,040,Republic of Austria
17.12.2023 0:14:14,aez3Exdv6zd1,Facebook,email,SignUpBonus,None,banner1,None,Undefined,female,AT,AUT,ðŸ‡¦ðŸ‡¹,Austria,040,Republic of Austria
17.12.2023 0:14:14,aez3Exdv6zd1,Facebook,email,SignUpBonus,None,banner1,None,Undefined,female,AT,AUT,ðŸ‡¦ðŸ‡¹,Austria,040,Republic of Austria
17.12.2023 0:14:14,aez3Exdv6zd1,Facebook,email,SignUpBonus,None,banner1,None,Undefined,female,AT,AUT,ðŸ‡¦ðŸ‡¹,Austria,040,Republic of Austria
17.12.2023 0:14:14,aez3Exdv6zd1,Facebook,email,SignUpBonus,None,banner1,None,Undefined,female,AT,AUT,ðŸ‡¦ðŸ‡¹,Austria,040,Republic of Austria
17.12.2023 0:08:13,afxQbuz4bv44,Facebook,referral,SpringSale,None,None,None,/home,female,AT,AUT,ðŸ‡¦ðŸ‡¹,Austria,040,Republic of Austria
17.12.2023 0:08:13,afxQbuz4bv44,Facebook,referral,SpringSale,None,None,None,/home,female,AT,AUT,ðŸ‡¦ðŸ‡¹,Austria,040,Republic of Austria
17.12.2023 0:08:13,afxQbuz4bv44,Facebook,referral,SpringSale,None,None,None,/home,female,AT,AUT,ðŸ‡¦ðŸ‡¹,Austria,040,Republic of Austria
17.12.2023 0:08:13,afxQbuz4bv44,Facebook,referral,SpringSale,None,None,None,/home,female,AT,AUT,ðŸ‡¦ðŸ‡¹,Austria,040,Republic of Austria
17.12.2023 0:04:05,anoFAcuCwr9W,Bing,organic,SignUpBonus,None,banner1,None,Undefined,female,AT,AUT,ðŸ‡¦ðŸ‡¹,Austria,040,Republic of Austria
17.12.2023 0:04:05,anoFAcuCwr9W,Bing,organic,SignUpBonus,None,banner1,None,Undefined,female,AT,AUT,ðŸ‡¦ðŸ‡¹,Austria,040,Republic of Austria
17.12.2023 0:04:05,anoFAcuCwr9W,Bing,organic,SignUpBonus,None,banner1,None,Undefined,female,AT,AUT,ðŸ‡¦ðŸ‡¹,Austria,040,Republic of Austria
17.12.2023 0:04:05,anoFAcuCwr9W,Bing,organic,SignUpBonus,None,banner1,None,Undefined,female,AT,AUT,ðŸ‡¦ðŸ‡¹,Austria,040,Republic of Austria
17.12.2023 0:02:01,aulUMrBXZwVw,Direct,organic,EasterSpecial,sale,None,None,Undefined,male,AT,AUT,ðŸ‡¦ðŸ‡¹,Austria,040,Republic of Austria
17.12.2023 0:02:01,aulUMrBXZwVw,Direct,organic,EasterSpecial,sale,None,None,Undefined,male,AT,AUT,ðŸ‡¦ðŸ‡¹,Austria,040,Republic of Austria
17.12.2023 0:02:01,aulUMrBXZwVw,Direct,organic,EasterSpecial,sale,None,None,Undefined,male,AT,AUT,ðŸ‡¦ðŸ‡¹,Austria,040,Republic of Austria
17.12.2023 0:02:01,aulUMrBXZwVw,Direct,organic,EasterSpecial,sale,None,None,Undefined,male,AT,AUT,ðŸ‡¦ðŸ‡¹,Austria,040,Republic of Austria
17.12.2023 0:44:03,b5u7hJgKumbg,Direct,cpc,EasterSpecial,best price,None,None,/signup,female,AT,AUT,ðŸ‡¦ðŸ‡¹,Austria,040,Republic of Austria
17.12.2023 0:44:03,b5u7hJgKumbg,Direct,cpc,EasterSpecial,best price,None,None,/signup,female,AT,AUT,ðŸ‡¦ðŸ‡¹,Austria,040,Republic of Austria
17.12.2023 0:44:03,b5u7hJgKumbg,Direct,cpc,EasterSpecial,best price,None,None,/signup,female,AT,AUT,ðŸ‡¦ðŸ‡¹,Austria,040,Republic of Austria
17.12.2023 0:44:03,b5u7hJgKumbg,Direct,cpc,EasterSpecial,best price,None,None,/signup,female,AT,AUT,ðŸ‡¦ðŸ‡¹,Austria,040,Republic of Austria
17.12.2023 1:07:38,bGhzHgScZc57,Facebook,email,EasterSpecial,best price,None,Group1,Undefined,male,AT,AUT,ðŸ‡¦ðŸ‡¹,Austria,040,Republic of Austria
17.12.2023 1:07:38,bGhzHgScZc57,Facebook,email,EasterSpecial,best price,None,Group1,Undefined,male,AT,AUT,ðŸ‡¦ðŸ‡¹,Austria,040,Republic of Austria
17.12.2023 1:07:38,bGhzHgScZc57,Facebook,email,EasterSpecial,best price,None,Group1,Undefined,male,AT,AUT,ðŸ‡¦ðŸ‡¹,Austria,040,Republic of Austria
17.12.2023 1:07:38,bGhzHgScZc57,Facebook,email,EasterSpecial,best price,None,Group1,Undefined,male,AT,AUT,ðŸ‡¦ðŸ‡¹,Austria,040,Republic of Austria
17.12.2023 0:56:07,bPEfRM74YWPp,Referral,cpc,EasterSpecial,None,None,None,Undefined,male,AT,AUT,ðŸ‡¦ðŸ‡¹,Austria,040,Republic of Austria
17.12.2023 0:56:07,bPEfRM74YWPp,Referral,cpc,EasterSpecial,None,None,None,Undefined,male,AT,AUT,ðŸ‡¦ðŸ‡¹,Austria,040,Republic of Austria
17.12.2023 0:56:07,bPEfRM74YWPp,Referral,cpc,EasterSpecial,None,None,None,Undefined,male,AT,AUT,ðŸ‡¦ðŸ‡¹,Austria,040,Republic of Austria
17.12.2023 0:56:07,bPEfRM74YWPp,Referral,cpc,EasterSpecial,None,None,None,Undefined,male,AT,AUT,ðŸ‡¦ðŸ‡¹,Austria,040,Republic of Austria
17.12.2023 0:50:02,bPV5kAhM3mPm,Instagram,email,SpringSale,None,None,Discounts,Undefined,male,AT,AUT,ðŸ‡¦ðŸ‡¹,Austria,040,Republic of Austria
17.12.2023 0:50:02,bPV5kAhM3mPm,Instagram,email,SpringSale,None,None,Discounts,Undefined,male,AT,AUT,ðŸ‡¦ðŸ‡¹,Austria,040,Republic of Austria
17.12.2023 0:50:02,bPV5kAhM3mPm,Instagram,email,SpringSale,None,None,Discounts,Undefined,male,AT,AUT,ðŸ‡¦ðŸ‡¹,Austria,040,Republic of Austria
17.12.2023 0:50:02,bPV5kAhM3mPm,Instagram,email,SpringSale,None,None,Discounts,Undefined,male,AT,AUT,ðŸ‡¦ðŸ‡¹,Austria,040,Republic of Austria
17.12.2023 1:03:46,bayViAC6bViS,Google,email,SpecialOffer,None,None,None,/home,male,AT,AUT,ðŸ‡¦ðŸ‡¹,Austria,040,Republic of Austria
17.12.2023 1:03:46,bayViAC6bViS,Google,email,SpecialOffer,None,None,None,/home,male,AT,AUT,ðŸ‡¦ðŸ‡¹,Austria,040,Republic of Austria
17.12.2023 1:03:46,bayViAC6bViS,Google,email,SpecialOffer,None,None,None,/home,male,AT,AUT,ðŸ‡¦ðŸ‡¹,Austria,040,Republic of Austria
17.12.2023 1:03:46,bayViAC6bViS,Google,email,SpecialOffer,None,None,None,/home,male,AT,AUT,ðŸ‡¦ðŸ‡¹,Austria,040,Republic of Austria
17.12.2023 0:46:21,bbjbVa8riBwQ,Google,organic,SpringSale,None,banner1,NewReleases,/sale,female,AT,AUT,ðŸ‡¦ðŸ‡¹,Austria,040,Republic of Austria
17.12.2023 0:46:21,bbjbVa8riBwQ,Google,organic,SpringSale,None,banner1,NewReleases,/sale,female,AT,AUT,ðŸ‡¦ðŸ‡¹,Austria,040,Republic of Austria
17.12.2023 0:46:21,bbjbVa8riBwQ,Google,organic,SpringSale,None,banner1,NewReleases,/sale,female,AT,AUT,ðŸ‡¦ðŸ‡¹,Austria,040,Republic of Austria
17.12.2023 0:46:21,bbjbVa8riBwQ,Google,organic,SpringSale,None,banner1,NewReleases,/sale,female,AT,AUT,ðŸ‡¦ðŸ‡¹,Austria,040,Republic of Austria
17.12.2023 1:02:10,bfDOw1VFaGER,Facebook,email,Launch,None,None,None,/home,female,AT,AUT,ðŸ‡¦ðŸ‡¹,Austria,040,Republic of Austria
17.12.2023 1:02:10,bfDOw1VFaGER,Facebook,email,Launch,None,None,None,/home,female,AT,AUT,ðŸ‡¦ðŸ‡¹,Austria,040,Republic of Austria
17.12.2023 1:02:10,bfDOw1VFaGER,Facebook,email,Launch,None,None,None,/home,female,AT,AUT,ðŸ‡¦ðŸ‡¹,Austria,040,Republic of Austria
17.12.2023 1:02:10,bfDOw1VFaGER,Facebook,email,Launch,None,None,None,/home,female,AT,AUT,ðŸ‡¦ðŸ‡¹,Austria,040,Republic of Austria
17.12.2023 0:38:14,biBWD9iOHubS,Instagram,email,SignUpBonus,signup now,None,None,Undefined,female,AT,AUT,ðŸ‡¦ðŸ‡¹,Austria,040,Republic of Austria
17.12.2023 0:38:14,biBWD9iOHubS,Instagram,email,SignUpBonus,signup now,None,None,Undefined,female,AT,AUT,ðŸ‡¦ðŸ‡¹,Austria,040,Republic of Austria
17.12.2023 0:38:14,biBWD9iOHubS,Instagram,email,SignUpBonus,signup now,None,None,Undefined,female,AT,AUT,ðŸ‡¦ðŸ‡¹,Austria,040,Republic of Austria
17.12.2023 0:38:14,biBWD9iOHubS,Instagram,email,SignUpBonus,signup now,None,None,Undefined,female,AT,AUT,ðŸ‡¦ðŸ‡¹,Austria,040,Republic of Austria
17.12.2023 0:51:01,bj7uzeTIjOSa,Instagram,referral,SignUpBonus,best price,None,None,/sale,female,AT,AUT,ðŸ‡¦ðŸ‡¹,Austria,040,Republic of Austria
17.12.2023 0:51:01,bj7uzeTIjOSa,Instagram,referral,SignUpBonus,best price,None,None,/sale,female,AT,AUT,ðŸ‡¦ðŸ‡¹,Austria,040,Republic of Austria
17.12.2023 0:51:01,bj7uzeTIjOSa,Instagram,referral,SignUpBonus,best price,None,None,/sale,female,AT,AUT,ðŸ‡¦ðŸ‡¹,Austria,040,Republic of Austria
17.12.2023 0:51:01,bj7uzeTIjOSa,Instagram,referral,SignUpBonus,best price,None,None,/sale,female,AT,AUT,ðŸ‡¦ðŸ‡¹,Austria,040,Republic of Austria
17.12.2023 1:57:29,0dm2hshOO1tB,Bing,cpc,Launch,best price,None,None,Undefined,female,BE,BEL,ðŸ‡§ðŸ‡ª,Belgium,056,Kingdom of Belgium
17.12.2023 1:57:29,0dm2hshOO1tB,Bing,cpc,Launch,best price,None,None,Undefined,female,BE,BEL,ðŸ‡§ðŸ‡ª,Belgium,056,Kingdom of Belgium
17.12.2023 1:57:29,0dm2hshOO1tB,Bing,cpc,Launch,best price,None,None,Undefined,female,BE,BEL,ðŸ‡§ðŸ‡ª,Belgium,056,Kingdom of Belgium
17.12.2023 1:57:29,0dm2hshOO1tB,Bing,cpc,Launch,best price,None,None,Undefined,female,BE,BEL,ðŸ‡§ðŸ‡ª,Belgium,056,Kingdom of Belgium
17.12.2023 1:31:58,4cprsBOQzNze,Bing,referral,Launch,None,None,None,Undefined,male,BE,BEL,ðŸ‡§ðŸ‡ª,Belgium,056,Kingdom of Belgium
17.12.2023 1:31:58,4cprsBOQzNze,Bing,referral,Launch,None,None,None,Undefined,male,BE,BEL,ðŸ‡§ðŸ‡ª,Belgium,056,Kingdom of Belgium
17.12.2023 1:31:58,4cprsBOQzNze,Bing,referral,Launch,None,None,None,Undefined,male,BE,BEL,ðŸ‡§ðŸ‡ª,Belgium,056,Kingdom of Belgium
17.12.2023 1:31:58,4cprsBOQzNze,Bing,referral,Launch,None,None,None,Undefined,male,BE,BEL,ðŸ‡§ðŸ‡ª,Belgium,056,Kingdom of Belgium
17.12.2023 1:35:56,9c8ighstVW99,Instagram,cpc,SpringSale,sale,video-ad,None,Undefined,male,BE,BEL,ðŸ‡§ðŸ‡ª,Belgium,056,Kingdom of Belgium
17.12.2023 1:35:56,9c8ighstVW99,Instagram,cpc,SpringSale,sale,video-ad,None,Undefined,male,BE,BEL,ðŸ‡§ðŸ‡ª,Belgium,056,Kingdom of Belgium
17.12.2023 1:35:56,9c8ighstVW99,Instagram,cpc,SpringSale,sale,video-ad,None,Undefined,male,BE,BEL,ðŸ‡§ðŸ‡ª,Belgium,056,Kingdom of Belgium
17.12.2023 1:35:56,9c8ighstVW99,Instagram,cpc,SpringSale,sale,video-ad,None,Undefined,male,BE,BEL,ðŸ‡§ðŸ‡ª,Belgium,056,Kingdom of Belgium
17.12.2023 23:26:56,OcOyG5sYW8fB,Organic Search,display,Launch,None,None,Group2,Undefined,male,BE,BEL,ðŸ‡§ðŸ‡ª,Belgium,056,Kingdom of Belgium
17.12.2023 23:26:56,OcOyG5sYW8fB,Organic Search,display,Launch,None,None,Group2,Undefined,male,BE,BEL,ðŸ‡§ðŸ‡ª,Belgium,056,Kingdom of Belgium
17.12.2023 23:26:56,OcOyG5sYW8fB,Organic Search,display,Launch,None,None,Group2,Undefined,male,BE,BEL,ðŸ‡§ðŸ‡ª,Belgium,056,Kingdom of Belgium
17.12.2023 23:26:56,OcOyG5sYW8fB,Organic Search,display,Launch,None,None,Group2,Undefined,male,BE,BEL,ðŸ‡§ðŸ‡ª,Belgium,056,Kingdom of Belgium
17.12.2023 2:04:08,PUdZqLrNDrnl,Email,display,Launch,None,None,NewReleases,/signup,female,BE,BEL,ðŸ‡§ðŸ‡ª,Belgium,056,Kingdom of Belgium
17.12.2023 2:04:08,PUdZqLrNDrnl,Email,display,Launch,None,None,NewReleases,/signup,female,BE,BEL,ðŸ‡§ðŸ‡ª,Belgium,056,Kingdom of Belgium
17.12.2023 2:04:08,PUdZqLrNDrnl,Email,display,Launch,None,None,NewReleases,/signup,female,BE,BEL,ðŸ‡§ðŸ‡ª,Belgium,056,Kingdom of Belgium
17.12.2023 2:04:08,PUdZqLrNDrnl,Email,display,Launch,None,None,NewReleases,/signup,female,BE,BEL,ðŸ‡§ðŸ‡ª,Belgium,056,Kingdom of Belgium
17.12.2023 1:54:14,S4dVZ6GPZV3X,Referral,referral,EasterSpecial,best price,banner2,None,Undefined,female,BE,BEL,ðŸ‡§ðŸ‡ª,Belgium,056,Kingdom of Belgium
17.12.2023 1:54:14,S4dVZ6GPZV3X,Referral,referral,EasterSpecial,best price,banner2,None,Undefined,female,BE,BEL,ðŸ‡§ðŸ‡ª,Belgium,056,Kingdom of Belgium
17.12.2023 1:54:14,S4dVZ6GPZV3X,Referral,referral,EasterSpecial,best price,banner2,None,Undefined,female,BE,BEL,ðŸ‡§ðŸ‡ª,Belgium,056,Kingdom of Belgium
17.12.2023 1:54:14,S4dVZ6GPZV3X,Referral,referral,EasterSpecial,best price,banner2,None,Undefined,female,BE,BEL,ðŸ‡§ðŸ‡ª,Belgium,056,Kingdom of Belgium
17.12.2023 1:39:52,SZ5cTOojylTu,Bing,organic,SignUpBonus,signup now,None,None,/products,male,BE,BEL,ðŸ‡§ðŸ‡ª,Belgium,056,Kingdom of Belgium
17.12.2023 1:39:52,SZ5cTOojylTu,Bing,organic,SignUpBonus,signup now,None,None,/products,male,BE,BEL,ðŸ‡§ðŸ‡ª,Belgium,056,Kingdom of Belgium
17.12.2023 1:39:52,SZ5cTOojylTu,Bing,organic,SignUpBonus,signup now,None,None,/products,male,BE,BEL,ðŸ‡§ðŸ‡ª,Belgium,056,Kingdom of Belgium
17.12.2023 1:39:52,SZ5cTOojylTu,Bing,organic,SignUpBonus,signup now,None,None,/products,male,BE,BEL,ðŸ‡§ðŸ‡ª,Belgium,056,Kingdom of Belgium
17.12.2023 21:59:58,TLOcP8TFIbRi,Referral,display,SpringSale,None,sidebar-ad,NewReleases,Undefined,f,BE,BEL,ðŸ‡§ðŸ‡ª,Belgium,056,Kingdom of Belgium
17.12.2023 21:59:58,TLOcP8TFIbRi,Referral,display,SpringSale,None,sidebar-ad,NewReleases,Undefined,f,BE,BEL,ðŸ‡§ðŸ‡ª,Belgium,056,Kingdom of Belgium
17.12.2023 21:59:58,TLOcP8TFIbRi,Referral,display,SpringSale,None,sidebar-ad,NewReleases,Undefined,f,BE,BEL,ðŸ‡§ðŸ‡ª,Belgium,056,Kingdom of Belgium
17.12.2023 21:59:58,TLOcP8TFIbRi,Referral,display,SpringSale,None,sidebar-ad,NewReleases,Undefined,f,BE,BEL,ðŸ‡§ðŸ‡ª,Belgium,056,Kingdom of Belgium
17.12.2023 1:41:11,Tc5bw1L9vmVw,Google,referral,EasterSpecial,None,footer-ad,None,Undefined,female,BE,BEL,ðŸ‡§ðŸ‡ª,Belgium,056,Kingdom of Belgium
17.12.2023 1:41:11,Tc5bw1L9vmVw,Google,referral,EasterSpecial,None,footer-ad,None,Undefined,female,BE,BEL,ðŸ‡§ðŸ‡ª,Belgium,056,Kingdom of Belgium
17.12.2023 1:41:11,Tc5bw1L9vmVw,Google,referral,EasterSpecial,None,footer-ad,None,Undefined,female,BE,BEL,ðŸ‡§ðŸ‡ª,Belgium,056,Kingdom of Belgium
17.12.2023 1:41:11,Tc5bw1L9vmVw,Google,referral,EasterSpecial,None,footer-ad,None,Undefined,female,BE,BEL,ðŸ‡§ðŸ‡ª,Belgium,056,Kingdom of Belgium
17.12.2023 1:35:29,W3c8AFJkYxXU,Organic Search,email,EasterSpecial,signup now,None,None,Undefined,female,BE,BEL,ðŸ‡§ðŸ‡ª,Belgium,056,Kingdom of Belgium
17.12.2023 1:35:29,W3c8AFJkYxXU,Organic Search,email,EasterSpecial,signup now,None,None,Undefined,female,BE,BEL,ðŸ‡§ðŸ‡ª,Belgium,056,Kingdom of Belgium
17.12.2023 1:35:29,W3c8AFJkYxXU,Organic Search,email,EasterSpecial,signup now,None,None,Undefined,female,BE,BEL,ðŸ‡§ðŸ‡ª,Belgium,056,Kingdom of Belgium
17.12.2023 1:35:29,W3c8AFJkYxXU,Organic Search,email,EasterSpecial,signup now,None,None,Undefined,female,BE,BEL,ðŸ‡§ðŸ‡ª,Belgium,056,Kingdom of Belgium
17.12.2023 1:12:44,cApgV1e0Bboe,Organic Search,organic,SpringSale,None,None,Group2,Undefined,female,BE,BEL,ðŸ‡§ðŸ‡ª,Belgium,056,Kingdom of Belgium
17.12.2023 1:12:44,cApgV1e0Bboe,Organic Search,organic,SpringSale,None,None,Group2,Undefined,female,BE,BEL,ðŸ‡§ðŸ‡ª,Belgium,056,Kingdom of Belgium
17.12.2023 1:12:44,cApgV1e0Bboe,Organic Search,organic,SpringSale,None,None,Group2,Undefined,female,BE,BEL,ðŸ‡§ðŸ‡ª,Belgium,056,Kingdom of Belgium
17.12.2023 1:12:44,cApgV1e0Bboe,Organic Search,organic,SpringSale,None,None,Group2,Undefined,female,BE,BEL,ðŸ‡§ðŸ‡ª,Belgium,056,Kingdom of Belgium
17.12.2023 1:36:43,cTenh7TPAEAu,Facebook,organic,SpringSale,None,None,None,Undefined,female,BE,BEL,ðŸ‡§ðŸ‡ª,Belgium,056,Kingdom of Belgium
17.12.2023 1:36:43,cTenh7TPAEAu,Facebook,organic,SpringSale,None,None,None,Undefined,female,BE,BEL,ðŸ‡§ðŸ‡ª,Belgium,056,Kingdom of Belgium
17.12.2023 1:36:43,cTenh7TPAEAu,Facebook,organic,SpringSale,None,None,None,Undefined,female,BE,BEL,ðŸ‡§ðŸ‡ª,Belgium,056,Kingdom of Belgium
17.12.2023 1:36:43,cTenh7TPAEAu,Facebook,organic,SpringSale,None,None,None,Undefined,female,BE,BEL,ðŸ‡§ðŸ‡ª,Belgium,056,Kingdom of Belgium
17.12.2023 1:36:36,cgqj5Ur0PWZr,Facebook,referral,SpecialOffer,None,None,NewReleases,Undefined,female,BE,BEL,ðŸ‡§ðŸ‡ª,Belgium,056,Kingdom of Belgium
17.12.2023 1:36:36,cgqj5Ur0PWZr,Facebook,referral,SpecialOffer,None,None,NewReleases,Undefined,female,BE,BEL,ðŸ‡§ðŸ‡ª,Belgium,056,Kingdom of Belgium
17.12.2023 1:36:36,cgqj5Ur0PWZr,Facebook,referral,SpecialOffer,None,None,NewReleases,Undefined,female,BE,BEL,ðŸ‡§ðŸ‡ª,Belgium,056,Kingdom of Belgium
17.12.2023 1:36:36,cgqj5Ur0PWZr,Facebook,referral,SpecialOffer,None,None,NewReleases,Undefined,female,BE,BEL,ðŸ‡§ðŸ‡ª,Belgium,056,Kingdom of Belgium
17.12.2023 1:36:23,ciu26iBk426c,Instagram,referral,SpecialOffer,None,sidebar-ad,None,Undefined,female,BE,BEL,ðŸ‡§ðŸ‡ª,Belgium,056,Kingdom of Belgium
17.12.2023 1:36:23,ciu26iBk426c,Instagram,referral,SpecialOffer,None,sidebar-ad,None,Undefined,female,BE,BEL,ðŸ‡§ðŸ‡ª,Belgium,056,Kingdom of Belgium
17.12.2023 1:36:23,ciu26iBk426c,Instagram,referral,SpecialOffer,None,sidebar-ad,None,Undefined,female,BE,BEL,ðŸ‡§ðŸ‡ª,Belgium,056,Kingdom of Belgium
17.12.2023 1:36:23,ciu26iBk426c,Instagram,referral,SpecialOffer,None,sidebar-ad,None,Undefined,female,BE,BEL,ðŸ‡§ðŸ‡ª,Belgium,056,Kingdom of Belgium
17.12.2023 1:23:29,coFc5VfyPWaG,Bing,email,SpringSale,None,None,Group2,Undefined,male,BE,BEL,ðŸ‡§ðŸ‡ª,Belgium,056,Kingdom of Belgium
17.12.2023 1:23:29,coFc5VfyPWaG,Bing,email,SpringSale,None,None,Group2,Undefined,male,BE,BEL,ðŸ‡§ðŸ‡ª,Belgium,056,Kingdom of Belgium
17.12.2023 1:23:29,coFc5VfyPWaG,Bing,email,SpringSale,None,None,Group2,Undefined,male,BE,BEL,ðŸ‡§ðŸ‡ª,Belgium,056,Kingdom of Belgium
17.12.2023 1:23:29,coFc5VfyPWaG,Bing,email,SpringSale,None,None,Group2,Undefined,male,BE,BEL,ðŸ‡§ðŸ‡ª,Belgium,056,Kingdom of Belgium
17.12.2023 1:36:28,crZJZ46oiffU,Email,display,SpecialOffer,signup now,banner2,Group2,Undefined,female,BE,BEL,ðŸ‡§ðŸ‡ª,Belgium,056,Kingdom of Belgium
17.12.2023 1:36:28,crZJZ46oiffU,Email,display,SpecialOffer,signup now,banner2,Group2,Undefined,female,BE,BEL,ðŸ‡§ðŸ‡ª,Belgium,056,Kingdom of Belgium
17.12.2023 1:36:28,crZJZ46oiffU,Email,display,SpecialOffer,signup now,banner2,Group2,Undefined,female,BE,BEL,ðŸ‡§ðŸ‡ª,Belgium,056,Kingdom of Belgium
17.12.2023 1:36:28,crZJZ46oiffU,Email,display,SpecialOffer,signup now,banner2,Group2,Undefined,female,BE,BEL,ðŸ‡§ðŸ‡ª,Belgium,056,Kingdom of Belgium
17.12.2023 1:34:29,czORAirLXWUm,Organic Search,social,SignUpBonus,signup now,video-ad,None,Undefined,male,BE,BEL,ðŸ‡§ðŸ‡ª,Belgium,056,Kingdom of Belgium
17.12.2023 1:34:29,czORAirLXWUm,Organic Search,social,SignUpBonus,signup now,video-ad,None,Undefined,male,BE,BEL,ðŸ‡§ðŸ‡ª,Belgium,056,Kingdom of Belgium
17.12.2023 1:34:29,czORAirLXWUm,Organic Search,social,SignUpBonus,signup now,video-ad,None,Undefined,male,BE,BEL,ðŸ‡§ðŸ‡ª,Belgium,056,Kingdom of Belgium
17.12.2023 1:34:29,czORAirLXWUm,Organic Search,social,SignUpBonus,signup now,video-ad,None,Undefined,male,BE,BEL,ðŸ‡§ðŸ‡ª,Belgium,056,Kingdom of Belgium
17.12.2023 2:16:57,d4i1AtyTAMJ1,Instagram,email,Launch,None,None,None,Undefined,female,BE,BEL,ðŸ‡§ðŸ‡ª,Belgium,056,Kingdom of Belgium
17.12.2023 2:16:57,d4i1AtyTAMJ1,Instagram,email,Launch,None,None,None,Undefined,female,BE,BEL,ðŸ‡§ðŸ‡ª,Belgium,056,Kingdom of Belgium
17.12.2023 2:16:57,d4i1AtyTAMJ1,Instagram,email,Launch,None,None,None,Undefined,female,BE,BEL,ðŸ‡§ðŸ‡ª,Belgium,056,Kingdom of Belgium
17.12.2023 2:16:57,d4i1AtyTAMJ1,Instagram,email,Launch,None,None,None,Undefined,female,BE,BEL,ðŸ‡§ðŸ‡ª,Belgium,056,Kingdom of Belgium
17.12.2023 2:13:02,d6qukqFT3Oye,Email,referral,SpecialOffer,sale,None,None,Undefined,female,BE,BEL,ðŸ‡§ðŸ‡ª,Belgium,056,Kingdom of Belgium
17.12.2023 2:13:02,d6qukqFT3Oye,Email,referral,SpecialOffer,sale,None,None,Undefined,female,BE,BEL,ðŸ‡§ðŸ‡ª,Belgium,056,Kingdom of Belgium
17.12.2023 2:13:02,d6qukqFT3Oye,Email,referral,SpecialOffer,sale,None,None,Undefined,female,BE,BEL,ðŸ‡§ðŸ‡ª,Belgium,056,Kingdom of Belgium
17.12.2023 2:13:02,d6qukqFT3Oye,Email,referral,SpecialOffer,sale,None,None,Undefined,female,BE,BEL,ðŸ‡§ðŸ‡ª,Belgium,056,Kingdom of Belgium
17.12.2023 1:57:25,dFOZZVGRbrk7,Referral,social,EasterSpecial,None,banner1,NewReleases,/sale,male,BE,BEL,ðŸ‡§ðŸ‡ª,Belgium,056,Kingdom of Belgium
17.12.2023 1:57:25,dFOZZVGRbrk7,Referral,social,EasterSpecial,None,banner1,NewReleases,/sale,male,BE,BEL,ðŸ‡§ðŸ‡ª,Belgium,056,Kingdom of Belgium
17.12.2023 1:57:25,dFOZZVGRbrk7,Referral,social,EasterSpecial,None,banner1,NewReleases,/sale,male,BE,BEL,ðŸ‡§ðŸ‡ª,Belgium,056,Kingdom of Belgium
17.12.2023 1:57:25,dFOZZVGRbrk7,Referral,social,EasterSpecial,None,banner1,NewReleases,/sale,male,BE,BEL,ðŸ‡§ðŸ‡ª,Belgium,056,Kingdom of Belgium
17.12.2023 2:14:22,dJtAIWacieMU,Email,email,EasterSpecial,None,banner1,Group1,/sale,male,BE,BEL,ðŸ‡§ðŸ‡ª,Belgium,056,Kingdom of Belgium
17.12.2023 2:14:22,dJtAIWacieMU,Email,email,EasterSpecial,None,banner1,Group1,/sale,male,BE,BEL,ðŸ‡§ðŸ‡ª,Belgium,056,Kingdom of Belgium
17.12.2023 2:14:22,dJtAIWacieMU,Email,email,EasterSpecial,None,banner1,Group1,/sale,male,BE,BEL,ðŸ‡§ðŸ‡ª,Belgium,056,Kingdom of Belgium
17.12.2023 2:14:22,dJtAIWacieMU,Email,email,EasterSpecial,None,banner1,Group1,/sale,male,BE,BEL,ðŸ‡§ðŸ‡ª,Belgium,056,Kingdom of Belgium
17.12.2023 2:16:18,dPBRQJ0Y6UN7,Organic Search,social,EasterSpecial,None,None,None,Undefined,male,BE,BEL,ðŸ‡§ðŸ‡ª,Belgium,056,Kingdom of Belgium
17.12.2023 2:16:18,dPBRQJ0Y6UN7,Organic Search,social,EasterSpecial,None,None,None,Undefined,male,BE,BEL,ðŸ‡§ðŸ‡ª,Belgium,056,Kingdom of Belgium
17.12.2023 2:16:18,dPBRQJ0Y6UN7,Organic Search,social,EasterSpecial,None,None,None,Undefined,male,BE,BEL,ðŸ‡§ðŸ‡ª,Belgium,056,Kingdom of Belgium
17.12.2023 2:16:18,dPBRQJ0Y6UN7,Organic Search,social,EasterSpecial,None,None,None,Undefined,male,BE,BEL,ðŸ‡§ðŸ‡ª,Belgium,056,Kingdom of Belgium
17.12.2023 1:46:32,dUUL75BpYmgU,Organic Search,organic,SpecialOffer,best price,None,None,/home,male,BE,BEL,ðŸ‡§ðŸ‡ª,Belgium,056,Kingdom of Belgium
17.12.2023 1:46:32,dUUL75BpYmgU,Organic Search,organic,SpecialOffer,best price,None,None,/home,male,BE,BEL,ðŸ‡§ðŸ‡ª,Belgium,056,Kingdom of Belgium
17.12.2023 1:46:32,dUUL75BpYmgU,Organic Search,organic,SpecialOffer,best price,None,None,/home,male,BE,BEL,ðŸ‡§ðŸ‡ª,Belgium,056,Kingdom of Belgium
17.12.2023 1:46:32,dUUL75BpYmgU,Organic Search,organic,SpecialOffer,best price,None,None,/home,male,BE,BEL,ðŸ‡§ðŸ‡ª,Belgium,056,Kingdom of Belgium
17.12.2023 1:52:13,dmVAtzcFPxeR,Bing,social,SignUpBonus,sale,None,Group1,Undefined,female,BE,BEL,ðŸ‡§ðŸ‡ª,Belgium,056,Kingdom of Belgium
17.12.2023 1:52:13,dmVAtzcFPxeR,Bing,social,SignUpBonus,sale,None,Group1,Undefined,female,BE,BEL,ðŸ‡§ðŸ‡ª,Belgium,056,Kingdom of Belgium
17.12.2023 1:52:13,dmVAtzcFPxeR,Bing,social,SignUpBonus,sale,None,Group1,Undefined,female,BE,BEL,ðŸ‡§ðŸ‡ª,Belgium,056,Kingdom of Belgium
17.12.2023 1:52:13,dmVAtzcFPxeR,Bing,social,SignUpBonus,sale,None,Group1,Undefined,female,BE,BEL,ðŸ‡§ðŸ‡ª,Belgium,056,Kingdom of Belgium
17.12.2023 2:36:40,0eV8oPjTTY8E,Bing,social,SpecialOffer,None,None,None,Undefined,female,CA,CAN,ðŸ‡¨ðŸ‡¦,Canada,124,
17.12.2023 2:36:40,0eV8oPjTTY8E,Bing,social,SpecialOffer,None,None,None,Undefined,female,CA,CAN,ðŸ‡¨ðŸ‡¦,Canada,124,
17.12.2023 2:36:40,0eV8oPjTTY8E,Bing,social,SpecialOffer,None,None,None,Undefined,female,CA,CAN,ðŸ‡¨ðŸ‡¦,Canada,124,
17.12.2023 2:36:40,0eV8oPjTTY8E,Bing,social,SpecialOffer,None,None,None,Undefined,female,CA,CAN,ðŸ‡¨ðŸ‡¦,Canada,124,
17.12.2023 3:01:03,1f8Q94dJI9ZB,Google,display,EasterSpecial,None,None,None,/signup,male,CA,CAN,ðŸ‡¨ðŸ‡¦,Canada,124,
17.12.2023 3:01:03,1f8Q94dJI9ZB,Google,display,EasterSpecial,None,None,None,/signup,male,CA,CAN,ðŸ‡¨ðŸ‡¦,Canada,124,
17.12.2023 3:01:03,1f8Q94dJI9ZB,Google,display,EasterSpecial,None,None,None,/signup,male,CA,CAN,ðŸ‡¨ðŸ‡¦,Canada,124,
17.12.2023 3:01:03,1f8Q94dJI9ZB,Google,display,EasterSpecial,None,None,None,/signup,male,CA,CAN,ðŸ‡¨ðŸ‡¦,Canada,124,
17.12.2023 3:26:19,4f4JLRz4BdmD,Organic Search,email,SpringSale,latest offer,None,Group2,Undefined,male,CA,CAN,ðŸ‡¨ðŸ‡¦,Canada,124,
17.12.2023 3:26:19,4f4JLRz4BdmD,Organic Search,email,SpringSale,latest offer,None,Group2,Undefined,male,CA,CAN,ðŸ‡¨ðŸ‡¦,Canada,124,
17.12.2023 3:26:19,4f4JLRz4BdmD,Organic Search,email,SpringSale,latest offer,None,Group2,Undefined,male,CA,CAN,ðŸ‡¨ðŸ‡¦,Canada,124,
17.12.2023 3:26:19,4f4JLRz4BdmD,Organic Search,email,SpringSale,latest offer,None,Group2,Undefined,male,CA,CAN,ðŸ‡¨ðŸ‡¦,Canada,124,
17.12.2023 2:55:01,5f5KHSpjRgii,Bing,organic,SpringSale,signup now,sidebar-ad,None,/home,female,CA,CAN,ðŸ‡¨ðŸ‡¦,Canada,124,
17.12.2023 2:55:01,5f5KHSpjRgii,Bing,organic,SpringSale,signup now,sidebar-ad,None,/home,female,CA,CAN,ðŸ‡¨ðŸ‡¦,Canada,124,
17.12.2023 2:55:01,5f5KHSpjRgii,Bing,organic,SpringSale,signup now,sidebar-ad,None,/home,female,CA,CAN,ðŸ‡¨ðŸ‡¦,Canada,124,
17.12.2023 2:55:01,5f5KHSpjRgii,Bing,organic,SpringSale,signup now,sidebar-ad,None,/home,female,CA,CAN,ðŸ‡¨ðŸ‡¦,Canada,124,
17.12.2023 2:58:16,810fE7NmhLZl,Referral,display,SpecialOffer,best price,None,None,/sale,female,CA,CAN,ðŸ‡¨ðŸ‡¦,Canada,124,
17.12.2023 2:58:16,810fE7NmhLZl,Referral,display,SpecialOffer,best price,None,None,/sale,female,CA,CAN,ðŸ‡¨ðŸ‡¦,Canada,124,
17.12.2023 2:58:16,810fE7NmhLZl,Referral,display,SpecialOffer,best price,None,None,/sale,female,CA,CAN,ðŸ‡¨ðŸ‡¦,Canada,124,
17.12.2023 2:58:16,810fE7NmhLZl,Referral,display,SpecialOffer,best price,None,None,/sale,female,CA,CAN,ðŸ‡¨ðŸ‡¦,Canada,124,
17.12.2023 3:25:56,8QSfl1wc3676,Instagram,referral,SpringSale,None,None,None,Undefined,female,CA,CAN,ðŸ‡¨ðŸ‡¦,Canada,124,
17.12.2023 3:25:56,8QSfl1wc3676,Instagram,referral,SpringSale,None,None,None,Undefined,female,CA,CAN,ðŸ‡¨ðŸ‡¦,Canada,124,
17.12.2023 3:25:56,8QSfl1wc3676,Instagram,referral,SpringSale,None,None,None,Undefined,female,CA,CAN,ðŸ‡¨ðŸ‡¦,Canada,124,
17.12.2023 3:25:56,8QSfl1wc3676,Instagram,referral,SpringSale,None,None,None,Undefined,female,CA,CAN,ðŸ‡¨ðŸ‡¦,Canada,124,
17.12.2023 2:26:36,90ecPgUwJWPi,Google,social,SpringSale,None,None,None,Undefined,male,CA,CAN,ðŸ‡¨ðŸ‡¦,Canada,124,
17.12.2023 2:26:36,90ecPgUwJWPi,Google,social,SpringSale,None,None,None,Undefined,male,CA,CAN,ðŸ‡¨ðŸ‡¦,Canada,124,
17.12.2023 2:26:36,90ecPgUwJWPi,Google,social,SpringSale,None,None,None,Undefined,male,CA,CAN,ðŸ‡¨ðŸ‡¦,Canada,124,
17.12.2023 2:26:36,90ecPgUwJWPi,Google,social,SpringSale,None,None,None,Undefined,male,CA,CAN,ðŸ‡¨ðŸ‡¦,Canada,124,
17.12.2023 21:23:33,KejUo2Z0cJ8x,Instagram,social,SpecialOffer,None,None,None,/home,female,CA,CAN,ðŸ‡¨ðŸ‡¦,Canada,124,
17.12.2023 21:23:33,KejUo2Z0cJ8x,Instagram,social,SpecialOffer,None,None,None,/home,female,CA,CAN,ðŸ‡¨ðŸ‡¦,Canada,124,
17.12.2023 21:23:33,KejUo2Z0cJ8x,Instagram,social,SpecialOffer,None,None,None,/home,female,CA,CAN,ðŸ‡¨ðŸ‡¦,Canada,124,
17.12.2023 21:23:33,KejUo2Z0cJ8x,Instagram,social,SpecialOffer,None,None,None,/home,female,CA,CAN,ðŸ‡¨ðŸ‡¦,Canada,124,
17.12.2023 21:00:46,KfP59lJSKb67,Instagram,display,EasterSpecial,buy online,None,None,/home,male,CA,CAN,ðŸ‡¨ðŸ‡¦,Canada,124,
17.12.2023 21:00:46,KfP59lJSKb67,Instagram,display,EasterSpecial,buy online,None,None,/home,male,CA,CAN,ðŸ‡¨ðŸ‡¦,Canada,124,
17.12.2023 21:00:46,KfP59lJSKb67,Instagram,display,EasterSpecial,buy online,None,None,/home,male,CA,CAN,ðŸ‡¨ðŸ‡¦,Canada,124,
17.12.2023 21:00:46,KfP59lJSKb67,Instagram,display,EasterSpecial,buy online,None,None,/home,male,CA,CAN,ðŸ‡¨ðŸ‡¦,Canada,124,
17.12.2023 23:29:29,OeuqFizHCCTI,Direct,referral,SignUpBonus,signup now,None,None,Undefined,male,CA,CAN,ðŸ‡¨ðŸ‡¦,Canada,124,
17.12.2023 23:29:29,OeuqFizHCCTI,Direct,referral,SignUpBonus,signup now,None,None,Undefined,male,CA,CAN,ðŸ‡¨ðŸ‡¦,Canada,124,
17.12.2023 23:29:29,OeuqFizHCCTI,Direct,referral,SignUpBonus,signup now,None,None,Undefined,male,CA,CAN,ðŸ‡¨ðŸ‡¦,Canada,124,
17.12.2023 23:29:29,OeuqFizHCCTI,Direct,referral,SignUpBonus,signup now,None,None,Undefined,male,CA,CAN,ðŸ‡¨ðŸ‡¦,Canada,124,
17.12.2023 3:23:02,RfHY1PYsWnbA,Email,organic,SpringSale,None,None,None,Undefined,male,CA,CAN,ðŸ‡¨ðŸ‡¦,Canada,124,
17.12.2023 3:23:02,RfHY1PYsWnbA,Email,organic,SpringSale,None,None,None,Undefined,male,CA,CAN,ðŸ‡¨ðŸ‡¦,Canada,124,
17.12.2023 3:23:02,RfHY1PYsWnbA,Email,organic,SpringSale,None,None,None,Undefined,male,CA,CAN,ðŸ‡¨ðŸ‡¦,Canada,124,
17.12.2023 3:23:02,RfHY1PYsWnbA,Email,organic,SpringSale,None,None,None,Undefined,male,CA,CAN,ðŸ‡¨ðŸ‡¦,Canada,124,
17.12.2023 2:24:12,S6UPe5Kmoi4E,Bing,organic,SpecialOffer,None,None,None,Undefined,female,CA,CAN,ðŸ‡¨ðŸ‡¦,Canada,124,
17.12.2023 2:24:12,S6UPe5Kmoi4E,Bing,organic,SpecialOffer,None,None,None,Undefined,female,CA,CAN,ðŸ‡¨ðŸ‡¦,Canada,124,
17.12.2023 2:24:12,S6UPe5Kmoi4E,Bing,organic,SpecialOffer,None,None,None,Undefined,female,CA,CAN,ðŸ‡¨ðŸ‡¦,Canada,124,
17.12.2023 2:24:12,S6UPe5Kmoi4E,Bing,organic,SpecialOffer,None,None,None,Undefined,female,CA,CAN,ðŸ‡¨ðŸ‡¦,Canada,124,
17.12.2023 3:15:16,UffhRSIvcqrY,Facebook,cpc,EasterSpecial,None,banner1,NewReleases,/new-arrivals,male,CA,CAN,ðŸ‡¨ðŸ‡¦,Canada,124,
17.12.2023 3:15:16,UffhRSIvcqrY,Facebook,cpc,EasterSpecial,None,banner1,NewReleases,/new-arrivals,male,CA,CAN,ðŸ‡¨ðŸ‡¦,Canada,124,
17.12.2023 3:15:16,UffhRSIvcqrY,Facebook,cpc,EasterSpecial,None,banner1,NewReleases,/new-arrivals,male,CA,CAN,ðŸ‡¨ðŸ‡¦,Canada,124,
17.12.2023 3:15:16,UffhRSIvcqrY,Facebook,cpc,EasterSpecial,None,banner1,NewReleases,/new-arrivals,male,CA,CAN,ðŸ‡¨ðŸ‡¦,Canada,124,
17.12.2023 2:35:48,Ve4suJFEK8YU,Email,referral,EasterSpecial,None,None,None,Undefined,female,CA,CAN,ðŸ‡¨ðŸ‡¦,Canada,124,
17.12.2023 2:35:48,Ve4suJFEK8YU,Email,referral,EasterSpecial,None,None,None,Undefined,female,CA,CAN,ðŸ‡¨ðŸ‡¦,Canada,124,
17.12.2023 2:35:48,Ve4suJFEK8YU,Email,referral,EasterSpecial,None,None,None,Undefined,female,CA,CAN,ðŸ‡¨ðŸ‡¦,Canada,124,
17.12.2023 2:35:48,Ve4suJFEK8YU,Email,referral,EasterSpecial,None,None,None,Undefined,female,CA,CAN,ðŸ‡¨ðŸ‡¦,Canada,124,
17.12.2023 2:32:40,VeyvBfi2jN30,Organic Search,referral,SignUpBonus,best price,sidebar-ad,None,/sale,female,CA,CAN,ðŸ‡¨ðŸ‡¦,Canada,124,
17.12.2023 2:32:40,VeyvBfi2jN30,Organic Search,referral,SignUpBonus,best price,sidebar-ad,None,/sale,female,CA,CAN,ðŸ‡¨ðŸ‡¦,Canada,124,
17.12.2023 2:32:40,VeyvBfi2jN30,Organic Search,referral,SignUpBonus,best price,sidebar-ad,None,/sale,female,CA,CAN,ðŸ‡¨ðŸ‡¦,Canada,124,
17.12.2023 2:32:40,VeyvBfi2jN30,Organic Search,referral,SignUpBonus,best price,sidebar-ad,None,/sale,female,CA,CAN,ðŸ‡¨ðŸ‡¦,Canada,124,
17.12.2023 22:03:44,WY6L34e7t9mP,Email,organic,SignUpBonus,None,None,NewReleases,Undefined,female,CA,CAN,ðŸ‡¨ðŸ‡¦,Canada,124,
17.12.2023 22:03:44,WY6L34e7t9mP,Email,organic,SignUpBonus,None,None,NewReleases,Undefined,female,CA,CAN,ðŸ‡¨ðŸ‡¦,Canada,124,
17.12.2023 22:03:44,WY6L34e7t9mP,Email,organic,SignUpBonus,None,None,NewReleases,Undefined,female,CA,CAN,ðŸ‡¨ðŸ‡¦,Canada,124,
17.12.2023 22:03:44,WY6L34e7t9mP,Email,organic,SignUpBonus,None,None,NewReleases,Undefined,female,CA,CAN,ðŸ‡¨ðŸ‡¦,Canada,124,
17.12.2023 2:43:25,XeeP8TbQu65k,Facebook,social,SpringSale,None,None,None,Undefined,female,CA,CAN,ðŸ‡¨ðŸ‡¦,Canada,124,
17.12.2023 2:43:25,XeeP8TbQu65k,Facebook,social,SpringSale,None,None,None,Undefined,female,CA,CAN,ðŸ‡¨ðŸ‡¦,Canada,124,
17.12.2023 2:43:25,XeeP8TbQu65k,Facebook,social,SpringSale,None,None,None,Undefined,female,CA,CAN,ðŸ‡¨ðŸ‡¦,Canada,124,
17.12.2023 2:43:25,XeeP8TbQu65k,Facebook,social,SpringSale,None,None,None,Undefined,female,CA,CAN,ðŸ‡¨ðŸ‡¦,Canada,124,
17.12.2023 2:36:54,Zeaw5UrcIo2C,Google,referral,Launch,buy online,None,Discounts,Undefined,male,CA,CAN,ðŸ‡¨ðŸ‡¦,Canada,124,
17.12.2023 2:36:54,Zeaw5UrcIo2C,Google,referral,Launch,buy online,None,Discounts,Undefined,male,CA,CAN,ðŸ‡¨ðŸ‡¦,Canada,124,
17.12.2023 2:36:54,Zeaw5UrcIo2C,Google,referral,Launch,buy online,None,Discounts,Undefined,male,CA,CAN,ðŸ‡¨ðŸ‡¦,Canada,124,
17.12.2023 2:36:54,Zeaw5UrcIo2C,Google,referral,Launch,buy online,None,Discounts,Undefined,male,CA,CAN,ðŸ‡¨ðŸ‡¦,Canada,124,
17.12.2023 2:24:10,e8ugLDtJgfnl,Direct,cpc,EasterSpecial,None,video-ad,None,/products,male,CA,CAN,ðŸ‡¨ðŸ‡¦,Canada,124,
17.12.2023 2:24:10,e8ugLDtJgfnl,Direct,cpc,EasterSpecial,None,video-ad,None,/products,male,CA,CAN,ðŸ‡¨ðŸ‡¦,Canada,124,
17.12.2023 2:24:10,e8ugLDtJgfnl,Direct,cpc,EasterSpecial,None,video-ad,None,/products,male,CA,CAN,ðŸ‡¨ðŸ‡¦,Canada,124,
17.12.2023 2:24:10,e8ugLDtJgfnl,Direct,cpc,EasterSpecial,None,video-ad,None,/products,male,CA,CAN,ðŸ‡¨ðŸ‡¦,Canada,124,
17.12.2023 2:34:26,eDnJyP5UFCmu,Referral,organic,EasterSpecial,None,None,None,Undefined,male,CA,CAN,ðŸ‡¨ðŸ‡¦,Canada,124,
17.12.2023 2:34:26,eDnJyP5UFCmu,Referral,organic,EasterSpecial,None,None,None,Undefined,male,CA,CAN,ðŸ‡¨ðŸ‡¦,Canada,124,
17.12.2023 2:34:26,eDnJyP5UFCmu,Referral,organic,EasterSpecial,None,None,None,Undefined,male,CA,CAN,ðŸ‡¨ðŸ‡¦,Canada,124,
17.12.2023 2:34:26,eDnJyP5UFCmu,Referral,organic,EasterSpecial,None,None,None,Undefined,male,CA,CAN,ðŸ‡¨ðŸ‡¦,Canada,124,
17.12.2023 2:28:05,eRFOxZGauuO9,Referral,social,Launch,None,None,Group1,Undefined,male,CA,CAN,ðŸ‡¨ðŸ‡¦,Canada,124,
17.12.2023 2:28:05,eRFOxZGauuO9,Referral,social,Launch,None,None,Group1,Undefined,male,CA,CAN,ðŸ‡¨ðŸ‡¦,Canada,124,
17.12.2023 2:28:05,eRFOxZGauuO9,Referral,social,Launch,None,None,Group1,Undefined,male,CA,CAN,ðŸ‡¨ðŸ‡¦,Canada,124,
17.12.2023 2:28:05,eRFOxZGauuO9,Referral,social,Launch,None,None,Group1,Undefined,male,CA,CAN,ðŸ‡¨ðŸ‡¦,Canada,124,
17.12.2023 2:44:38,eVRrWJUMwzd1,Email,display,EasterSpecial,None,None,Group1,Undefined,male,CA,CAN,ðŸ‡¨ðŸ‡¦,Canada,124,
17.12.2023 2:44:38,eVRrWJUMwzd1,Email,display,EasterSpecial,None,None,Group1,Undefined,male,CA,CAN,ðŸ‡¨ðŸ‡¦,Canada,124,
17.12.2023 2:44:38,eVRrWJUMwzd1,Email,display,EasterSpecial,None,None,Group1,Undefined,male,CA,CAN,ðŸ‡¨ðŸ‡¦,Canada,124,
17.12.2023 2:44:38,eVRrWJUMwzd1,Email,display,EasterSpecial,None,None,Group1,Undefined,male,CA,CAN,ðŸ‡¨ðŸ‡¦,Canada,124,
17.12.2023 2:26:19,eih6VY2JqHUD,Instagram,cpc,EasterSpecial,sale,None,None,Undefined,female,CA,CAN,ðŸ‡¨ðŸ‡¦,Canada,124,
17.12.2023 2:26:19,eih6VY2JqHUD,Instagram,cpc,EasterSpecial,sale,None,None,Undefined,female,CA,CAN,ðŸ‡¨ðŸ‡¦,Canada,124,
17.12.2023 2:26:19,eih6VY2JqHUD,Instagram,cpc,EasterSpecial,sale,None,None,Undefined,female,CA,CAN,ðŸ‡¨ðŸ‡¦,Canada,124,
17.12.2023 2:26:19,eih6VY2JqHUD,Instagram,cpc,EasterSpecial,sale,None,None,Undefined,female,CA,CAN,ðŸ‡¨ðŸ‡¦,Canada,124,
17.12.2023 2:32:23,ekvTnXo7fVYD,Instagram,referral,SpecialOffer,None,footer-ad,None,/products,male,CA,CAN,ðŸ‡¨ðŸ‡¦,Canada,124,
17.12.2023 2:32:23,ekvTnXo7fVYD,Instagram,referral,SpecialOffer,None,footer-ad,None,/products,male,CA,CAN,ðŸ‡¨ðŸ‡¦,Canada,124,
17.12.2023 2:32:23,ekvTnXo7fVYD,Instagram,referral,SpecialOffer,None,footer-ad,None,/products,male,CA,CAN,ðŸ‡¨ðŸ‡¦,Canada,124,
17.12.2023 2:32:23,ekvTnXo7fVYD,Instagram,referral,SpecialOffer,None,footer-ad,None,/products,male,CA,CAN,ðŸ‡¨ðŸ‡¦,Canada,124,
17.12.2023 2:21:35,emHabdIgY8zL,Bing,display,SpringSale,buy online,banner1,None,/products,female,CA,CAN,ðŸ‡¨ðŸ‡¦,Canada,124,
17.12.2023 2:21:35,emHabdIgY8zL,Bing,display,SpringSale,buy online,banner1,None,/products,female,CA,CAN,ðŸ‡¨ðŸ‡¦,Canada,124,
17.12.2023 2:21:35,emHabdIgY8zL,Bing,display,SpringSale,buy online,banner1,None,/products,female,CA,CAN,ðŸ‡¨ðŸ‡¦,Canada,124,
17.12.2023 2:21:35,emHabdIgY8zL,Bing,display,SpringSale,buy online,banner1,None,/products,female,CA,CAN,ðŸ‡¨ðŸ‡¦,Canada,124,
17.12.2023 2:33:05,erXrAlcCdCuA,Email,referral,SignUpBonus,signup now,banner1,None,/home,female,CA,CAN,ðŸ‡¨ðŸ‡¦,Canada,124,
17.12.2023 2:33:05,erXrAlcCdCuA,Email,referral,SignUpBonus,signup now,banner1,None,/home,female,CA,CAN,ðŸ‡¨ðŸ‡¦,Canada,124,
17.12.2023 2:33:05,erXrAlcCdCuA,Email,referral,SignUpBonus,signup now,banner1,None,/home,female,CA,CAN,ðŸ‡¨ðŸ‡¦,Canada,124,
17.12.2023 2:33:05,erXrAlcCdCuA,Email,referral,SignUpBonus,signup now,banner1,None,/home,female,CA,CAN,ðŸ‡¨ðŸ‡¦,Canada,124,
17.12.2023 2:41:18,esVKg4RRDS7w,Email,social,EasterSpecial,best price,None,None,Undefined,female,CA,CAN,ðŸ‡¨ðŸ‡¦,Canada,124,
17.12.2023 2:41:18,esVKg4RRDS7w,Email,social,EasterSpecial,best price,None,None,Undefined,female,CA,CAN,ðŸ‡¨ðŸ‡¦,Canada,124,
17.12.2023 2:41:18,esVKg4RRDS7w,Email,social,EasterSpecial,best price,None,None,Undefined,female,CA,CAN,ðŸ‡¨ðŸ‡¦,Canada,124,
17.12.2023 2:41:18,esVKg4RRDS7w,Email,social,EasterSpecial,best price,None,None,Undefined,female,CA,CAN,ðŸ‡¨ðŸ‡¦,Canada,124,
17.12.2023 2:37:01,ewolNVJrJhdc,Direct,organic,SpecialOffer,None,None,None,/new-arrivals,female,CA,CAN,ðŸ‡¨ðŸ‡¦,Canada,124,
17.12.2023 2:37:01,ewolNVJrJhdc,Direct,organic,SpecialOffer,None,None,None,/new-arrivals,female,CA,CAN,ðŸ‡¨ðŸ‡¦,Canada,124,
17.12.2023 2:37:01,ewolNVJrJhdc,Direct,organic,SpecialOffer,None,None,None,/new-arrivals,female,CA,CAN,ðŸ‡¨ðŸ‡¦,Canada,124,
17.12.2023 2:37:01,ewolNVJrJhdc,Direct,organic,SpecialOffer,None,None,None,/new-arrivals,female,CA,CAN,ðŸ‡¨ðŸ‡¦,Canada,124,
17.12.2023 2:59:57,fPZmWI3aCro5,Bing,display,SpringSale,None,video-ad,Discounts,Undefined,female,CA,CAN,ðŸ‡¨ðŸ‡¦,Canada,124,
17.12.2023 2:59:57,fPZmWI3aCro5,Bing,display,SpringSale,None,video-ad,Discounts,Undefined,female,CA,CAN,ðŸ‡¨ðŸ‡¦,Canada,124,
17.12.2023 2:59:57,fPZmWI3aCro5,Bing,display,SpringSale,None,video-ad,Discounts,Undefined,female,CA,CAN,ðŸ‡¨ðŸ‡¦,Canada,124,
17.12.2023 2:59:57,fPZmWI3aCro5,Bing,display,SpringSale,None,video-ad,Discounts,Undefined,female,CA,CAN,ðŸ‡¨ðŸ‡¦,Canada,124,
17.12.2023 3:15:55,fUBHRVT42mp7,Organic Search,display,SpecialOffer,latest offer,None,None,Undefined,female,CA,CAN,ðŸ‡¨ðŸ‡¦,Canada,124,
17.12.2023 3:15:55,fUBHRVT42mp7,Organic Search,display,SpecialOffer,latest offer,None,None,Undefined,female,CA,CAN,ðŸ‡¨ðŸ‡¦,Canada,124,
17.12.2023 3:15:55,fUBHRVT42mp7,Organic Search,display,SpecialOffer,latest offer,None,None,Undefined,female,CA,CAN,ðŸ‡¨ðŸ‡¦,Canada,124,
17.12.2023 3:15:55,fUBHRVT42mp7,Organic Search,display,SpecialOffer,latest offer,None,None,Undefined,female,CA,CAN,ðŸ‡¨ðŸ‡¦,Canada,124,
17.12.2023 3:01:21,fUJAUVstVrHN,Organic Search,social,Launch,sale,None,NewReleases,Undefined,male,CA,CAN,ðŸ‡¨ðŸ‡¦,Canada,124,
17.12.2023 3:01:21,fUJAUVstVrHN,Organic Search,social,Launch,sale,None,NewReleases,Undefined,male,CA,CAN,ðŸ‡¨ðŸ‡¦,Canada,124,
17.12.2023 3:01:21,fUJAUVstVrHN,Organic Search,social,Launch,sale,None,NewReleases,Undefined,male,CA,CAN,ðŸ‡¨ðŸ‡¦,Canada,124,
17.12.2023 3:01:21,fUJAUVstVrHN,Organic Search,social,Launch,sale,None,NewReleases,Undefined,male,CA,CAN,ðŸ‡¨ðŸ‡¦,Canada,124,
17.12.2023 3:11:10,fVN4vMLGorPk,Direct,display,EasterSpecial,None,footer-ad,NewReleases,Undefined,male,CA,CAN,ðŸ‡¨ðŸ‡¦,Canada,124,
17.12.2023 3:11:10,fVN4vMLGorPk,Direct,display,EasterSpecial,None,footer-ad,NewReleases,Undefined,male,CA,CAN,ðŸ‡¨ðŸ‡¦,Canada,124,
17.12.2023 3:11:10,fVN4vMLGorPk,Direct,display,EasterSpecial,None,footer-ad,NewReleases,Undefined,male,CA,CAN,ðŸ‡¨ðŸ‡¦,Canada,124,
17.12.2023 3:11:10,fVN4vMLGorPk,Direct,display,EasterSpecial,None,footer-ad,NewReleases,Undefined,male,CA,CAN,ðŸ‡¨ðŸ‡¦,Canada,124,
17.12.2023 3:12:11,fjqWnQugQ9mW,Instagram,referral,SpecialOffer,None,None,Group2,Undefined,male,CA,CAN,ðŸ‡¨ðŸ‡¦,Canada,124,
17.12.2023 3:12:11,fjqWnQugQ9mW,Instagram,referral,SpecialOffer,None,None,Group2,Undefined,male,CA,CAN,ðŸ‡¨ðŸ‡¦,Canada,124,
17.12.2023 3:12:11,fjqWnQugQ9mW,Instagram,referral,SpecialOffer,None,None,Group2,Undefined,male,CA,CAN,ðŸ‡¨ðŸ‡¦,Canada,124,
17.12.2023 3:12:11,fjqWnQugQ9mW,Instagram,referral,SpecialOffer,None,None,Group2,Undefined,male,CA,CAN,ðŸ‡¨ðŸ‡¦,Canada,124,
17.12.2023 3:01:02,fnYU5seIrNR9,Bing,social,Launch,best price,None,NewReleases,Undefined,female,CA,CAN,ðŸ‡¨ðŸ‡¦,Canada,124,
17.12.2023 3:01:02,fnYU5seIrNR9,Bing,social,Launch,best price,None,NewReleases,Undefined,female,CA,CAN,ðŸ‡¨ðŸ‡¦,Canada,124,
17.12.2023 3:01:02,fnYU5seIrNR9,Bing,social,Launch,best price,None,NewReleases,Undefined,female,CA,CAN,ðŸ‡¨ðŸ‡¦,Canada,124,
17.12.2023 3:01:02,fnYU5seIrNR9,Bing,social,Launch,best price,None,NewReleases,Undefined,female,CA,CAN,ðŸ‡¨ðŸ‡¦,Canada,124,
17.12.2023 3:20:40,fo0cq0zVjpA4,Bing,cpc,Launch,None,None,None,/sale,female,CA,CAN,ðŸ‡¨ðŸ‡¦,Canada,124,
17.12.2023 3:20:40,fo0cq0zVjpA4,Bing,cpc,Launch,None,None,None,/sale,female,CA,CAN,ðŸ‡¨ðŸ‡¦,Canada,124,
17.12.2023 3:20:40,fo0cq0zVjpA4,Bing,cpc,Launch,None,None,None,/sale,female,CA,CAN,ðŸ‡¨ðŸ‡¦,Canada,124,
17.12.2023 3:20:40,fo0cq0zVjpA4,Bing,cpc,Launch,None,None,None,/sale,female,CA,CAN,ðŸ‡¨ðŸ‡¦,Canada,124,
17.12.2023 3:00:00,fqRjJ7T1zkCy,Email,social,SpecialOffer,None,None,None,Undefined,male,CA,CAN,ðŸ‡¨ðŸ‡¦,Canada,124,
17.12.2023 3:00:00,fqRjJ7T1zkCy,Email,social,SpecialOffer,None,None,None,Undefined,male,CA,CAN,ðŸ‡¨ðŸ‡¦,Canada,124,
17.12.2023 3:00:00,fqRjJ7T1zkCy,Email,social,SpecialOffer,None,None,None,Undefined,male,CA,CAN,ðŸ‡¨ðŸ‡¦,Canada,124,
17.12.2023 3:00:00,fqRjJ7T1zkCy,Email,social,SpecialOffer,None,None,None,Undefined,male,CA,CAN,ðŸ‡¨ðŸ‡¦,Canada,124,
17.12.2023 4:08:59,5h9BQLALHoTl,Organic Search,social,EasterSpecial,None,None,None,/signup,female,CH,CHE,ðŸ‡¨ðŸ‡­,Switzerland,756,Swiss Confederation
17.12.2023 4:08:59,5h9BQLALHoTl,Organic Search,social,EasterSpecial,None,None,None,/signup,female,CH,CHE,ðŸ‡¨ðŸ‡­,Switzerland,756,Swiss Confederation
17.12.2023 4:08:59,5h9BQLALHoTl,Organic Search,social,EasterSpecial,None,None,None,/signup,female,CH,CHE,ðŸ‡¨ðŸ‡­,Switzerland,756,Swiss Confederation
17.12.2023 4:08:59,5h9BQLALHoTl,Organic Search,social,EasterSpecial,None,None,None,/signup,female,CH,CHE,ðŸ‡¨ðŸ‡­,Switzerland,756,Swiss Confederation
17.12.2023 22:49:26,NhJskG3VkgA8,Email,organic,EasterSpecial,None,None,Group3,/products,female,CH,CHE,ðŸ‡¨ðŸ‡­,Switzerland,756,Swiss Confederation
17.12.2023 22:49:26,NhJskG3VkgA8,Email,organic,EasterSpecial,None,None,Group3,/products,female,CH,CHE,ðŸ‡¨ðŸ‡­,Switzerland,756,Swiss Confederation
17.12.2023 22:49:26,NhJskG3VkgA8,Email,organic,EasterSpecial,None,None,Group3,/products,female,CH,CHE,ðŸ‡¨ðŸ‡­,Switzerland,756,Swiss Confederation
17.12.2023 22:49:26,NhJskG3VkgA8,Email,organic,EasterSpecial,None,None,Group3,/products,female,CH,CHE,ðŸ‡¨ðŸ‡­,Switzerland,756,Swiss Confederation
17.12.2023 22:59:52,NhPJIKBhmFiA,Organic Search,cpc,SpecialOffer,None,sidebar-ad,None,Undefined,male,CH,CHE,ðŸ‡¨ðŸ‡­,Switzerland,756,Swiss Confederation
17.12.2023 22:59:52,NhPJIKBhmFiA,Organic Search,cpc,SpecialOffer,None,sidebar-ad,None,Undefined,male,CH,CHE,ðŸ‡¨ðŸ‡­,Switzerland,756,Swiss Confederation
17.12.2023 22:59:52,NhPJIKBhmFiA,Organic Search,cpc,SpecialOffer,None,sidebar-ad,None,Undefined,male,CH,CHE,ðŸ‡¨ðŸ‡­,Switzerland,756,Swiss Confederation
17.12.2023 22:59:52,NhPJIKBhmFiA,Organic Search,cpc,SpecialOffer,None,sidebar-ad,None,Undefined,male,CH,CHE,ðŸ‡¨ðŸ‡­,Switzerland,756,Swiss Confederation
17.12.2023 22:26:05,QQMgzYgxDWw1,Organic Search,cpc,Launch,None,None,None,Undefined,female,CH,CHE,ðŸ‡¨ðŸ‡­,Switzerland,756,Swiss Confederation
17.12.2023 22:26:05,QQMgzYgxDWw1,Organic Search,cpc,Launch,None,None,None,Undefined,female,CH,CHE,ðŸ‡¨ðŸ‡­,Switzerland,756,Swiss Confederation
17.12.2023 22:26:05,QQMgzYgxDWw1,Organic Search,cpc,Launch,None,None,None,Undefined,female,CH,CHE,ðŸ‡¨ðŸ‡­,Switzerland,756,Swiss Confederation
17.12.2023 22:26:05,QQMgzYgxDWw1,Organic Search,cpc,Launch,None,None,None,Undefined,female,CH,CHE,ðŸ‡¨ðŸ‡­,Switzerland,756,Swiss Confederation
17.12.2023 3:34:51,QgCiLEx71YaB,Referral,organic,EasterSpecial,None,None,None,Undefined,male,CH,CHE,ðŸ‡¨ðŸ‡­,Switzerland,756,Swiss Confederation
17.12.2023 3:34:51,QgCiLEx71YaB,Referral,organic,EasterSpecial,None,None,None,Undefined,male,CH,CHE,ðŸ‡¨ðŸ‡­,Switzerland,756,Swiss Confederation
17.12.2023 3:34:51,QgCiLEx71YaB,Referral,organic,EasterSpecial,None,None,None,Undefined,male,CH,CHE,ðŸ‡¨ðŸ‡­,Switzerland,756,Swiss Confederation
17.12.2023 3:34:51,QgCiLEx71YaB,Referral,organic,EasterSpecial,None,None,None,Undefined,male,CH,CHE,ðŸ‡¨ðŸ‡­,Switzerland,756,Swiss Confederation
17.12.2023 3:32:20,RggHcM2KWQOl,Facebook,display,SpringSale,None,None,None,Undefined,female,CH,CHE,ðŸ‡¨ðŸ‡­,Switzerland,756,Swiss Confederation
17.12.2023 3:32:20,RggHcM2KWQOl,Facebook,display,SpringSale,None,None,None,Undefined,female,CH,CHE,ðŸ‡¨ðŸ‡­,Switzerland,756,Swiss Confederation
17.12.2023 3:32:20,RggHcM2KWQOl,Facebook,display,SpringSale,None,None,None,Undefined,female,CH,CHE,ðŸ‡¨ðŸ‡­,Switzerland,756,Swiss Confederation
17.12.2023 3:32:20,RggHcM2KWQOl,Facebook,display,SpringSale,None,None,None,Undefined,female,CH,CHE,ðŸ‡¨ðŸ‡­,Switzerland,756,Swiss Confederation
17.12.2023 22:51:39,TNZgYof8hafY,Bing,cpc,SpringSale,buy online,banner2,None,/sale,male,CH,CHE,ðŸ‡¨ðŸ‡­,Switzerland,756,Swiss Confederation
17.12.2023 22:51:39,TNZgYof8hafY,Bing,cpc,SpringSale,buy online,banner2,None,/sale,male,CH,CHE,ðŸ‡¨ðŸ‡­,Switzerland,756,Swiss Confederation
17.12.2023 22:51:39,TNZgYof8hafY,Bing,cpc,SpringSale,buy online,banner2,None,/sale,male,CH,CHE,ðŸ‡¨ðŸ‡­,Switzerland,756,Swiss Confederation
17.12.2023 22:51:39,TNZgYof8hafY,Bing,cpc,SpringSale,buy online,banner2,None,/sale,male,CH,CHE,ðŸ‡¨ðŸ‡­,Switzerland,756,Swiss Confederation
17.12.2023 4:08:04,Uh0fdTDqfPe8,Facebook,cpc,SignUpBonus,sale,banner2,None,/products,female,CH,CHE,ðŸ‡¨ðŸ‡­,Switzerland,756,Swiss Confederation
17.12.2023 4:08:04,Uh0fdTDqfPe8,Facebook,cpc,SignUpBonus,sale,banner2,None,/products,female,CH,CHE,ðŸ‡¨ðŸ‡­,Switzerland,756,Swiss Confederation
17.12.2023 4:08:04,Uh0fdTDqfPe8,Facebook,cpc,SignUpBonus,sale,banner2,None,/products,female,CH,CHE,ðŸ‡¨ðŸ‡­,Switzerland,756,Swiss Confederation
17.12.2023 4:08:04,Uh0fdTDqfPe8,Facebook,cpc,SignUpBonus,sale,banner2,None,/products,female,CH,CHE,ðŸ‡¨ðŸ‡­,Switzerland,756,Swiss Confederation
17.12.2023 3:34:07,WgcNaLdTUPQI,Google,display,SpringSale,None,banner1,None,Undefined,male,CH,CHE,ðŸ‡¨ðŸ‡­,Switzerland,756,Swiss Confederation
17.12.2023 3:34:07,WgcNaLdTUPQI,Google,display,SpringSale,None,banner1,None,Undefined,male,CH,CHE,ðŸ‡¨ðŸ‡­,Switzerland,756,Swiss Confederation
17.12.2023 3:34:07,WgcNaLdTUPQI,Google,display,SpringSale,None,banner1,None,Undefined,male,CH,CHE,ðŸ‡¨ðŸ‡­,Switzerland,756,Swiss Confederation
17.12.2023 3:34:07,WgcNaLdTUPQI,Google,display,SpringSale,None,banner1,None,Undefined,male,CH,CHE,ðŸ‡¨ðŸ‡­,Switzerland,756,Swiss Confederation
17.12.2023 3:31:22,Y42PgLPJnarD,Bing,cpc,Launch,None,None,None,Undefined,female,CH,CHE,ðŸ‡¨ðŸ‡­,Switzerland,756,Swiss Confederation
17.12.2023 3:31:22,Y42PgLPJnarD,Bing,cpc,Launch,None,None,None,Undefined,female,CH,CHE,ðŸ‡¨ðŸ‡­,Switzerland,756,Swiss Confederation
17.12.2023 3:31:22,Y42PgLPJnarD,Bing,cpc,Launch,None,None,None,Undefined,female,CH,CHE,ðŸ‡¨ðŸ‡­,Switzerland,756,Swiss Confederation
17.12.2023 3:31:22,Y42PgLPJnarD,Bing,cpc,Launch,None,None,None,Undefined,female,CH,CHE,ðŸ‡¨ðŸ‡­,Switzerland,756,Swiss Confederation
17.12.2023 3:34:43,Zgtgh0C0Q3nD,Email,cpc,SpringSale,None,None,None,Undefined,male,CH,CHE,ðŸ‡¨ðŸ‡­,Switzerland,756,Swiss Confederation
17.12.2023 3:34:43,Zgtgh0C0Q3nD,Email,cpc,SpringSale,None,None,None,Undefined,male,CH,CHE,ðŸ‡¨ðŸ‡­,Switzerland,756,Swiss Confederation
17.12.2023 3:34:43,Zgtgh0C0Q3nD,Email,cpc,SpringSale,None,None,None,Undefined,male,CH,CHE,ðŸ‡¨ðŸ‡­,Switzerland,756,Swiss Confederation
17.12.2023 3:34:43,Zgtgh0C0Q3nD,Email,cpc,SpringSale,None,None,None,Undefined,male,CH,CHE,ðŸ‡¨ðŸ‡­,Switzerland,756,Swiss Confederation
17.12.2023 4:30:03,Zh9j6rJmJRNn,Instagram,referral,EasterSpecial,latest offer,None,None,Undefined,female,CH,CHE,ðŸ‡¨ðŸ‡­,Switzerland,756,Swiss Confederation
17.12.2023 4:30:03,Zh9j6rJmJRNn,Instagram,referral,EasterSpecial,latest offer,None,None,Undefined,female,CH,CHE,ðŸ‡¨ðŸ‡­,Switzerland,756,Swiss Confederation
17.12.2023 4:30:03,Zh9j6rJmJRNn,Instagram,referral,EasterSpecial,latest offer,None,None,Undefined,female,CH,CHE,ðŸ‡¨ðŸ‡­,Switzerland,756,Swiss Confederation
17.12.2023 4:30:03,Zh9j6rJmJRNn,Instagram,referral,EasterSpecial,latest offer,None,None,Undefined,female,CH,CHE,ðŸ‡¨ðŸ‡­,Switzerland,756,Swiss Confederation
17.12.2023 3:36:07,g1owO46QTGrD,Bing,referral,EasterSpecial,sale,None,Discounts,Undefined,female,CH,CHE,ðŸ‡¨ðŸ‡­,Switzerland,756,Swiss Confederation
17.12.2023 3:36:07,g1owO46QTGrD,Bing,referral,EasterSpecial,sale,None,Discounts,Undefined,female,CH,CHE,ðŸ‡¨ðŸ‡­,Switzerland,756,Swiss Confederation
17.12.2023 3:36:07,g1owO46QTGrD,Bing,referral,EasterSpecial,sale,None,Discounts,Undefined,female,CH,CHE,ðŸ‡¨ðŸ‡­,Switzerland,756,Swiss Confederation
17.12.2023 3:36:07,g1owO46QTGrD,Bing,referral,EasterSpecial,sale,None,Discounts,Undefined,female,CH,CHE,ðŸ‡¨ðŸ‡­,Switzerland,756,Swiss Confederation
17.12.2023 3:31:41,g3stRuYHXA38,Email,referral,Launch,None,None,None,Undefined,male,CH,CHE,ðŸ‡¨ðŸ‡­,Switzerland,756,Swiss Confederation
17.12.2023 3:31:41,g3stRuYHXA38,Email,referral,Launch,None,None,None,Undefined,male,CH,CHE,ðŸ‡¨ðŸ‡­,Switzerland,756,Swiss Confederation
17.12.2023 3:31:41,g3stRuYHXA38,Email,referral,Launch,None,None,None,Undefined,male,CH,CHE,ðŸ‡¨ðŸ‡­,Switzerland,756,Swiss Confederation
17.12.2023 3:31:41,g3stRuYHXA38,Email,referral,Launch,None,None,None,Undefined,male,CH,CHE,ðŸ‡¨ðŸ‡­,Switzerland,756,Swiss Confederation
17.12.2023 3:46:39,gD2ofE16Mth0,Referral,organic,SpringSale,None,None,None,Undefined,female,CH,CHE,ðŸ‡¨ðŸ‡­,Switzerland,756,Swiss Confederation
17.12.2023 3:46:39,gD2ofE16Mth0,Referral,organic,SpringSale,None,None,None,Undefined,female,CH,CHE,ðŸ‡¨ðŸ‡­,Switzerland,756,Swiss Confederation
17.12.2023 3:46:39,gD2ofE16Mth0,Referral,organic,SpringSale,None,None,None,Undefined,female,CH,CHE,ðŸ‡¨ðŸ‡­,Switzerland,756,Swiss Confederation
17.12.2023 3:46:39,gD2ofE16Mth0,Referral,organic,SpringSale,None,None,None,Undefined,female,CH,CHE,ðŸ‡¨ðŸ‡­,Switzerland,756,Swiss Confederation
17.12.2023 3:44:14,gFEADUfpXNh6,Referral,email,SignUpBonus,None,None,Group2,/signup,male,CH,CHE,ðŸ‡¨ðŸ‡­,Switzerland,756,Swiss Confederation
17.12.2023 3:44:14,gFEADUfpXNh6,Referral,email,SignUpBonus,None,None,Group2,/signup,male,CH,CHE,ðŸ‡¨ðŸ‡­,Switzerland,756,Swiss Confederation
17.12.2023 3:44:14,gFEADUfpXNh6,Referral,email,SignUpBonus,None,None,Group2,/signup,male,CH,CHE,ðŸ‡¨ðŸ‡­,Switzerland,756,Swiss Confederation
17.12.2023 3:44:14,gFEADUfpXNh6,Referral,email,SignUpBonus,None,None,Group2,/signup,male,CH,CHE,ðŸ‡¨ðŸ‡­,Switzerland,756,Swiss Confederation
17.12.2023 3:43:56,gIBFKihqodbE,Organic Search,email,EasterSpecial,signup now,banner2,NewReleases,/signup,male,CH,CHE,ðŸ‡¨ðŸ‡­,Switzerland,756,Swiss Confederation
17.12.2023 3:43:56,gIBFKihqodbE,Organic Search,email,EasterSpecial,signup now,banner2,NewReleases,/signup,male,CH,CHE,ðŸ‡¨ðŸ‡­,Switzerland,756,Swiss Confederation
17.12.2023 3:43:56,gIBFKihqodbE,Organic Search,email,EasterSpecial,signup now,banner2,NewReleases,/signup,male,CH,CHE,ðŸ‡¨ðŸ‡­,Switzerland,756,Swiss Confederation
17.12.2023 3:43:56,gIBFKihqodbE,Organic Search,email,EasterSpecial,signup now,banner2,NewReleases,/signup,male,CH,CHE,ðŸ‡¨ðŸ‡­,Switzerland,756,Swiss Confederation
17.12.2023 4:03:47,gQKrNP6JOGaS,Email,display,EasterSpecial,None,None,Group1,Undefined,female,CH,CHE,ðŸ‡¨ðŸ‡­,Switzerland,756,Swiss Confederation
17.12.2023 4:03:47,gQKrNP6JOGaS,Email,display,EasterSpecial,None,None,Group1,Undefined,female,CH,CHE,ðŸ‡¨ðŸ‡­,Switzerland,756,Swiss Confederation
17.12.2023 4:03:47,gQKrNP6JOGaS,Email,display,EasterSpecial,None,None,Group1,Undefined,female,CH,CHE,ðŸ‡¨ðŸ‡­,Switzerland,756,Swiss Confederation
17.12.2023 4:03:47,gQKrNP6JOGaS,Email,display,EasterSpecial,None,None,Group1,Undefined,female,CH,CHE,ðŸ‡¨ðŸ‡­,Switzerland,756,Swiss Confederation
17.12.2023 4:00:07,gQNaFJn4NnRZ,Google,email,EasterSpecial,latest offer,None,None,/signup,male,CH,CHE,ðŸ‡¨ðŸ‡­,Switzerland,756,Swiss Confederation
17.12.2023 4:00:07,gQNaFJn4NnRZ,Google,email,EasterSpecial,latest offer,None,None,/signup,male,CH,CHE,ðŸ‡¨ðŸ‡­,Switzerland,756,Swiss Confederation
17.12.2023 4:00:07,gQNaFJn4NnRZ,Google,email,EasterSpecial,latest offer,None,None,/signup,male,CH,CHE,ðŸ‡¨ðŸ‡­,Switzerland,756,Swiss Confederation
17.12.2023 4:00:07,gQNaFJn4NnRZ,Google,email,EasterSpecial,latest offer,None,None,/signup,male,CH,CHE,ðŸ‡¨ðŸ‡­,Switzerland,756,Swiss Confederation
17.12.2023 3:32:21,gTeRKZafKjPv,Facebook,social,EasterSpecial,None,banner1,Group2,Undefined,male,CH,CHE,ðŸ‡¨ðŸ‡­,Switzerland,756,Swiss Confederation
17.12.2023 3:32:21,gTeRKZafKjPv,Facebook,social,EasterSpecial,None,banner1,Group2,Undefined,male,CH,CHE,ðŸ‡¨ðŸ‡­,Switzerland,756,Swiss Confederation
17.12.2023 3:32:21,gTeRKZafKjPv,Facebook,social,EasterSpecial,None,banner1,Group2,Undefined,male,CH,CHE,ðŸ‡¨ðŸ‡­,Switzerland,756,Swiss Confederation
17.12.2023 3:32:21,gTeRKZafKjPv,Facebook,social,EasterSpecial,None,banner1,Group2,Undefined,male,CH,CHE,ðŸ‡¨ðŸ‡­,Switzerland,756,Swiss Confederation
17.12.2023 3:56:23,gTrRw5d4e9jV,Email,social,Launch,None,banner1,None,/products,female,CH,CHE,ðŸ‡¨ðŸ‡­,Switzerland,756,Swiss Confederation
17.12.2023 3:56:23,gTrRw5d4e9jV,Email,social,Launch,None,banner1,None,/products,female,CH,CHE,ðŸ‡¨ðŸ‡­,Switzerland,756,Swiss Confederation
17.12.2023 3:56:23,gTrRw5d4e9jV,Email,social,Launch,None,banner1,None,/products,female,CH,CHE,ðŸ‡¨ðŸ‡­,Switzerland,756,Swiss Confederation
17.12.2023 3:56:23,gTrRw5d4e9jV,Email,social,Launch,None,banner1,None,/products,female,CH,CHE,ðŸ‡¨ðŸ‡­,Switzerland,756,Swiss Confederation
17.12.2023 3:49:25,gWwgTXXxi251,Direct,cpc,Launch,signup now,None,None,Undefined,female,CH,CHE,ðŸ‡¨ðŸ‡­,Switzerland,756,Swiss Confederation
17.12.2023 3:49:25,gWwgTXXxi251,Direct,cpc,Launch,signup now,None,None,Undefined,female,CH,CHE,ðŸ‡¨ðŸ‡­,Switzerland,756,Swiss Confederation
17.12.2023 3:49:25,gWwgTXXxi251,Direct,cpc,Launch,signup now,None,None,Undefined,female,CH,CHE,ðŸ‡¨ðŸ‡­,Switzerland,756,Swiss Confederation
17.12.2023 3:49:25,gWwgTXXxi251,Direct,cpc,Launch,signup now,None,None,Undefined,female,CH,CHE,ðŸ‡¨ðŸ‡­,Switzerland,756,Swiss Confederation
17.12.2023 3:56:42,gdSZfjSqLptj,Google,social,SpringSale,signup now,None,NewReleases,Undefined,female,CH,CHE,ðŸ‡¨ðŸ‡­,Switzerland,756,Swiss Confederation
17.12.2023 3:56:42,gdSZfjSqLptj,Google,social,SpringSale,signup now,None,NewReleases,Undefined,female,CH,CHE,ðŸ‡¨ðŸ‡­,Switzerland,756,Swiss Confederation
17.12.2023 3:56:42,gdSZfjSqLptj,Google,social,SpringSale,signup now,None,NewReleases,Undefined,female,CH,CHE,ðŸ‡¨ðŸ‡­,Switzerland,756,Swiss Confederation
17.12.2023 3:56:42,gdSZfjSqLptj,Google,social,SpringSale,signup now,None,NewReleases,Undefined,female,CH,CHE,ðŸ‡¨ðŸ‡­,Switzerland,756,Swiss Confederation
17.12.2023 3:46:00,ge289LcRVyE9,Facebook,display,SpringSale,None,None,None,Undefined,male,CH,CHE,ðŸ‡¨ðŸ‡­,Switzerland,756,Swiss Confederation
17.12.2023 3:46:00,ge289LcRVyE9,Facebook,display,SpringSale,None,None,None,Undefined,male,CH,CHE,ðŸ‡¨ðŸ‡­,Switzerland,756,Swiss Confederation
17.12.2023 3:46:00,ge289LcRVyE9,Facebook,display,SpringSale,None,None,None,Undefined,male,CH,CHE,ðŸ‡¨ðŸ‡­,Switzerland,756,Swiss Confederation
17.12.2023 3:46:00,ge289LcRVyE9,Facebook,display,SpringSale,None,None,None,Undefined,male,CH,CHE,ðŸ‡¨ðŸ‡­,Switzerland,756,Swiss Confederation
17.12.2023 4:00:09,ggGtbiI4QtpQ,Facebook,display,Launch,buy online,sidebar-ad,None,Undefined,female,CH,CHE,ðŸ‡¨ðŸ‡­,Switzerland,756,Swiss Confederation
17.12.2023 4:00:09,ggGtbiI4QtpQ,Facebook,display,Launch,buy online,sidebar-ad,None,Undefined,female,CH,CHE,ðŸ‡¨ðŸ‡­,Switzerland,756,Swiss Confederation
17.12.2023 4:00:09,ggGtbiI4QtpQ,Facebook,display,Launch,buy online,sidebar-ad,None,Undefined,female,CH,CHE,ðŸ‡¨ðŸ‡­,Switzerland,756,Swiss Confederation
17.12.2023 4:00:09,ggGtbiI4QtpQ,Facebook,display,Launch,buy online,sidebar-ad,None,Undefined,female,CH,CHE,ðŸ‡¨ðŸ‡­,Switzerland,756,Swiss Confederation
17.12.2023 3:42:02,gnFk1XhAxd4i,Bing,email,SpecialOffer,None,None,Group2,Undefined,female,CH,CHE,ðŸ‡¨ðŸ‡­,Switzerland,756,Swiss Confederation
17.12.2023 3:42:02,gnFk1XhAxd4i,Bing,email,SpecialOffer,None,None,Group2,Undefined,female,CH,CHE,ðŸ‡¨ðŸ‡­,Switzerland,756,Swiss Confederation
17.12.2023 3:42:02,gnFk1XhAxd4i,Bing,email,SpecialOffer,None,None,Group2,Undefined,female,CH,CHE,ðŸ‡¨ðŸ‡­,Switzerland,756,Swiss Confederation
17.12.2023 3:42:02,gnFk1XhAxd4i,Bing,email,SpecialOffer,None,None,Group2,Undefined,female,CH,CHE,ðŸ‡¨ðŸ‡­,Switzerland,756,Swiss Confederation
17.12.2023 3:31:51,gvGApK0RMrif,Direct,display,SignUpBonus,latest offer,None,None,Undefined,female,CH,CHE,ðŸ‡¨ðŸ‡­,Switzerland,756,Swiss Confederation
17.12.2023 3:31:51,gvGApK0RMrif,Direct,display,SignUpBonus,latest offer,None,None,Undefined,female,CH,CHE,ðŸ‡¨ðŸ‡­,Switzerland,756,Swiss Confederation
17.12.2023 3:31:51,gvGApK0RMrif,Direct,display,SignUpBonus,latest offer,None,None,Undefined,female,CH,CHE,ðŸ‡¨ðŸ‡­,Switzerland,756,Swiss Confederation
17.12.2023 3:31:51,gvGApK0RMrif,Direct,display,SignUpBonus,latest offer,None,None,Undefined,female,CH,CHE,ðŸ‡¨ðŸ‡­,Switzerland,756,Swiss Confederation
17.12.2023 4:26:27,h9huPyKz0J7g,Facebook,referral,SignUpBonus,None,None,None,Undefined,male,CH,CHE,ðŸ‡¨ðŸ‡­,Switzerland,756,Swiss Confederation
17.12.2023 4:26:27,h9huPyKz0J7g,Facebook,referral,SignUpBonus,None,None,None,Undefined,male,CH,CHE,ðŸ‡¨ðŸ‡­,Switzerland,756,Swiss Confederation
17.12.2023 4:26:27,h9huPyKz0J7g,Facebook,referral,SignUpBonus,None,None,None,Undefined,male,CH,CHE,ðŸ‡¨ðŸ‡­,Switzerland,756,Swiss Confederation
17.12.2023 4:26:27,h9huPyKz0J7g,Facebook,referral,SignUpBonus,None,None,None,Undefined,male,CH,CHE,ðŸ‡¨ðŸ‡­,Switzerland,756,Swiss Confederation
17.12.2023 4:10:28,hNBnsu7kR1Im,Organic Search,organic,Launch,None,None,Group3,Undefined,female,CH,CHE,ðŸ‡¨ðŸ‡­,Switzerland,756,Swiss Confederation
17.12.2023 4:10:28,hNBnsu7kR1Im,Organic Search,organic,Launch,None,None,Group3,Undefined,female,CH,CHE,ðŸ‡¨ðŸ‡­,Switzerland,756,Swiss Confederation
17.12.2023 4:10:28,hNBnsu7kR1Im,Organic Search,organic,Launch,None,None,Group3,Undefined,female,CH,CHE,ðŸ‡¨ðŸ‡­,Switzerland,756,Swiss Confederation
17.12.2023 4:10:28,hNBnsu7kR1Im,Organic Search,organic,Launch,None,None,Group3,Undefined,female,CH,CHE,ðŸ‡¨ðŸ‡­,Switzerland,756,Swiss Confederation
17.12.2023 4:36:29,hVaLpmnyJkxZ,Google,display,SpecialOffer,latest offer,footer-ad,None,Undefined,female,CH,CHE,ðŸ‡¨ðŸ‡­,Switzerland,756,Swiss Confederation
17.12.2023 4:36:29,hVaLpmnyJkxZ,Google,display,SpecialOffer,latest offer,footer-ad,None,Undefined,female,CH,CHE,ðŸ‡¨ðŸ‡­,Switzerland,756,Swiss Confederation
17.12.2023 4:36:29,hVaLpmnyJkxZ,Google,display,SpecialOffer,latest offer,footer-ad,None,Undefined,female,CH,CHE,ðŸ‡¨ðŸ‡­,Switzerland,756,Swiss Confederation
17.12.2023 4:36:29,hVaLpmnyJkxZ,Google,display,SpecialOffer,latest offer,footer-ad,None,Undefined,female,CH,CHE,ðŸ‡¨ðŸ‡­,Switzerland,756,Swiss Confederation
17.12.2023 4:27:03,hYANb8hmM0UM,Organic Search,display,SpringSale,best price,footer-ad,None,Undefined,female,CH,CHE,ðŸ‡¨ðŸ‡­,Switzerland,756,Swiss Confederation
17.12.2023 4:27:03,hYANb8hmM0UM,Organic Search,display,SpringSale,best price,footer-ad,None,Undefined,female,CH,CHE,ðŸ‡¨ðŸ‡­,Switzerland,756,Swiss Confederation
17.12.2023 4:27:03,hYANb8hmM0UM,Organic Search,display,SpringSale,best price,footer-ad,None,Undefined,female,CH,CHE,ðŸ‡¨ðŸ‡­,Switzerland,756,Swiss Confederation
17.12.2023 4:27:03,hYANb8hmM0UM,Organic Search,display,SpringSale,best price,footer-ad,None,Undefined,female,CH,CHE,ðŸ‡¨ðŸ‡­,Switzerland,756,Swiss Confederation
17.12.2023 4:13:53,hdYUSDdWiFpw,Google,social,SignUpBonus,buy online,None,Group3,Undefined,female,CH,CHE,ðŸ‡¨ðŸ‡­,Switzerland,756,Swiss Confederation
17.12.2023 4:13:53,hdYUSDdWiFpw,Google,social,SignUpBonus,buy online,None,Group3,Undefined,female,CH,CHE,ðŸ‡¨ðŸ‡­,Switzerland,756,Swiss Confederation
17.12.2023 4:13:53,hdYUSDdWiFpw,Google,social,SignUpBonus,buy online,None,Group3,Undefined,female,CH,CHE,ðŸ‡¨ðŸ‡­,Switzerland,756,Swiss Confederation
17.12.2023 4:13:53,hdYUSDdWiFpw,Google,social,SignUpBonus,buy online,None,Group3,Undefined,female,CH,CHE,ðŸ‡¨ðŸ‡­,Switzerland,756,Swiss Confederation
17.12.2023 4:21:19,hpAR0PuTzFxa,Bing,email,Launch,None,None,None,Undefined,male,CH,CHE,ðŸ‡¨ðŸ‡­,Switzerland,756,Swiss Confederation
17.12.2023 4:21:19,hpAR0PuTzFxa,Bing,email,Launch,None,None,None,Undefined,male,CH,CHE,ðŸ‡¨ðŸ‡­,Switzerland,756,Swiss Confederation
17.12.2023 4:21:19,hpAR0PuTzFxa,Bing,email,Launch,None,None,None,Undefined,male,CH,CHE,ðŸ‡¨ðŸ‡­,Switzerland,756,Swiss Confederation
17.12.2023 4:21:19,hpAR0PuTzFxa,Bing,email,Launch,None,None,None,Undefined,male,CH,CHE,ðŸ‡¨ðŸ‡­,Switzerland,756,Swiss Confederation
17.12.2023 4:29:53,hrncChBwvnrC,Email,organic,SpringSale,None,banner2,None,Undefined,female,CH,CHE,ðŸ‡¨ðŸ‡­,Switzerland,756,Swiss Confederation
17.12.2023 4:29:53,hrncChBwvnrC,Email,organic,SpringSale,None,banner2,None,Undefined,female,CH,CHE,ðŸ‡¨ðŸ‡­,Switzerland,756,Swiss Confederation
17.12.2023 4:29:53,hrncChBwvnrC,Email,organic,SpringSale,None,banner2,None,Undefined,female,CH,CHE,ðŸ‡¨ðŸ‡­,Switzerland,756,Swiss Confederation
17.12.2023 4:29:53,hrncChBwvnrC,Email,organic,SpringSale,None,banner2,None,Undefined,female,CH,CHE,ðŸ‡¨ðŸ‡­,Switzerland,756,Swiss Confederation
17.12.2023 4:21:16,hsiXuMufwWvO,Email,organic,Launch,None,None,Group2,Undefined,female,CH,CHE,ðŸ‡¨ðŸ‡­,Switzerland,756,Swiss Confederation
17.12.2023 4:21:16,hsiXuMufwWvO,Email,organic,Launch,None,None,Group2,Undefined,female,CH,CHE,ðŸ‡¨ðŸ‡­,Switzerland,756,Swiss Confederation
17.12.2023 4:21:16,hsiXuMufwWvO,Email,organic,Launch,None,None,Group2,Undefined,female,CH,CHE,ðŸ‡¨ðŸ‡­,Switzerland,756,Swiss Confederation
17.12.2023 4:21:16,hsiXuMufwWvO,Email,organic,Launch,None,None,Group2,Undefined,female,CH,CHE,ðŸ‡¨ðŸ‡­,Switzerland,756,Swiss Confederation
17.12.2023 4:30:49,humttFaAH5BA,Direct,organic,Launch,sale,None,Group1,Undefined,male,CH,CHE,ðŸ‡¨ðŸ‡­,Switzerland,756,Swiss Confederation
17.12.2023 4:30:49,humttFaAH5BA,Direct,organic,Launch,sale,None,Group1,Undefined,male,CH,CHE,ðŸ‡¨ðŸ‡­,Switzerland,756,Swiss Confederation
17.12.2023 4:30:49,humttFaAH5BA,Direct,organic,Launch,sale,None,Group1,Undefined,male,CH,CHE,ðŸ‡¨ðŸ‡­,Switzerland,756,Swiss Confederation
17.12.2023 4:30:49,humttFaAH5BA,Direct,organic,Launch,sale,None,Group1,Undefined,male,CH,CHE,ðŸ‡¨ðŸ‡­,Switzerland,756,Swiss Confederation
17.12.2023 21:20:23,0Kjt9gZTHcKC,Email,cpc,EasterSpecial,buy online,None,None,Undefined,male,CZ,CZE,ðŸ‡¨ðŸ‡¿,Czechia,203,Czech Republic
17.12.2023 21:20:23,0Kjt9gZTHcKC,Email,cpc,EasterSpecial,buy online,None,None,Undefined,male,CZ,CZE,ðŸ‡¨ðŸ‡¿,Czechia,203,Czech Republic
17.12.2023 21:20:23,0Kjt9gZTHcKC,Email,cpc,EasterSpecial,buy online,None,None,Undefined,male,CZ,CZE,ðŸ‡¨ðŸ‡¿,Czechia,203,Czech Republic
17.12.2023 21:20:23,0Kjt9gZTHcKC,Email,cpc,EasterSpecial,buy online,None,None,Undefined,male,CZ,CZE,ðŸ‡¨ðŸ‡¿,Czechia,203,Czech Republic